candidate_id,N,layout_type,layout_parameters,nozzle_count,min_center_distance,mean_nearest_neighbor_distance,std_nearest_neighbor_distance,nearest_neighbor_cv,uniformity_score,max_center_radius,mean_center_radius,radial_std,count_ok,boundary_ok,overlap_ok,spacing_ok,feasible,failure_reasons,x_axis_symmetry,y_axis_symmetry,origin_symmetry,pareto_candidate
N012_rectangular_001,12,rectangular,"{""spacing"": 8.0}",12,8.0,8.0,0.0,0.0,1.0,12.649110640673518,10.318358510279804,3.296181273332773,True,True,True,True,True,[],True,True,True,False
N012_rectangular_002,12,rectangular,"{""spacing"": 10.0}",12,10.0,10.0,0.0,0.0,1.0,15.811388300841896,12.897948137849754,4.120226591665965,True,True,True,True,True,[],True,True,True,False
N012_rectangular_003,12,rectangular,"{""spacing"": 14.0}",12,14.0,14.0,0.0,0.0,1.0,22.135943621178654,18.05712739298966,5.768317228332352,True,True,True,True,True,[],True,True,True,False
N012_rectangular_004,12,rectangular,"{""spacing"": 18.0}",12,18.0,18.0,0.0,0.0,1.0,28.460498941515414,23.216306648129564,7.416407864998738,True,True,True,True,True,[],True,True,True,False
N012_hexagonal_005,12,hexagonal,"{""spacing"": 8.0}",12,7.999999999999999,7.999999999999999,0.0,0.0,1.0,13.856406460551018,9.773502691896256,4.0593897486563915,True,True,True,True,True,[],False,False,False,False
N012_hexagonal_006,12,hexagonal,"{""spacing"": 10.0}",12,10.0,10.0,0.0,0.0,1.0,17.320508075688775,12.216878364870324,5.074237185820491,True,True,True,True,True,[],False,False,False,False
N012_hexagonal_007,12,hexagonal,"{""spacing"": 12.0}",12,12.0,12.0,0.0,0.0,1.0,20.784609690826528,14.660254037844387,6.089084622984588,True,True,True,True,True,[],False,False,False,False
N012_hexagonal_008,12,hexagonal,"{""spacing"": 16.0}",12,15.999999999999998,15.999999999999998,0.0,0.0,1.0,27.712812921102035,19.547005383792513,8.118779497312783,True,True,True,True,True,[],False,False,False,False
N012_ring_009,12,ring,"{""points_per_ring"": [12], ""ring_radii"": [51.94]}",12,26.88612240524982,26.88612240524984,1.3759600911837627e-14,5.117733492558562e-16,0.9999999999999996,51.940000000000005,51.93999999999999,8.204640795236539e-15,True,True,True,True,True,[],True,True,True,False
N012_staggered_ring_010,12,staggered_ring,"{""delta_theta"": 0.39269908169872414, ""points_per_ring"": [4, 8], ""ring_radii"": [28.0, 51.94]}",12,28.187419827936907,28.18741982793691,4.2285750773764915e-15,1.5001639395122987e-16,0.9999999999999998,51.940000000000005,43.96,11.285424227737298,True,True,True,True,True,[],True,True,True,True
N012_nonuniform_ring_011,12,nonuniform_ring,"{""points_per_ring"": [3, 4, 5], ""ring_offsets"": [0.0, 0.7853981633974483, 0.6283185307179586], ""ring_radii"": [20.0, 36.0, 51.94]}",12,17.32412382901875,21.1146550573188,5.925719358181484,0.28064485742699835,0.7808566084504843,51.940000000000005,38.641666666666666,12.762827425335223,True,True,True,True,True,[],True,False,False,False
N012_sector_012,12,sector,"{""angular_offset"": 0.2617993877991494, ""inner_radius"": 24.0, ""num_sectors"": 3, ""outer_radius"": 51.94, ""points_per_sector"": 4, ""radial_levels"": 3, ""sector_angle"": 1.0471975511965976}",12,13.969999999999999,17.46519131598552,3.495191315985521,0.20012327679379305,0.8332477332425088,51.940000000000005,34.4775,11.583312080316233,True,True,True,True,True,[],False,False,False,False
N012_radial_spoke_013,12,radial_spoke,"{""angular_offset"": 0.5235987755982988, ""inner_radius"": 16.0, ""num_spokes"": 3, ""outer_radius"": 51.94, ""points_per_spoke"": 4}",12,11.979999999999997,11.979999999999999,2.7134298926013876e-15,2.264966521370107e-16,0.9999999999999998,51.94,33.97,13.394047185223739,True,True,True,True,True,[],False,True,False,False
N012_sector_014,12,sector,"{""angular_offset"": 0.19634954084936207, ""inner_radius"": 24.0, ""num_sectors"": 4, ""outer_radius"": 51.94, ""points_per_sector"": 3, ""radial_levels"": 3, ""sector_angle"": 0.7853981633974483}",12,13.969999999999995,13.969999999999999,3.552713678800501e-15,2.5431021322838234e-16,0.9999999999999998,51.94,37.96999999999999,11.406457235560332,True,True,True,True,True,[],False,False,True,False
N012_radial_spoke_015,12,radial_spoke,"{""angular_offset"": 0.39269908169872414, ""inner_radius"": 16.0, ""num_spokes"": 4, ""outer_radius"": 51.94, ""points_per_spoke"": 3}",12,17.97,17.97,1.4503892858778862e-15,8.071170205219178e-17,1.0,51.940000000000005,33.970000000000006,14.672443559271235,True,True,True,True,True,[],False,False,True,False
N012_sector_016,12,sector,"{""angular_offset"": 0.1308996938995747, ""inner_radius"": 24.0, ""num_sectors"": 6, ""outer_radius"": 51.94, ""points_per_sector"": 2, ""radial_levels"": 2, ""sector_angle"": 0.5235987755982988}",12,23.99999999999999,25.97,1.9700000000000015,0.07585675779745867,0.9294917680744451,51.940000000000005,37.97,13.969999999999999,True,True,True,True,True,[],False,False,True,False
N012_radial_spoke_017,12,radial_spoke,"{""angular_offset"": 0.2617993877991494, ""inner_radius"": 16.0, ""num_spokes"": 6, ""outer_radius"": 51.94, ""points_per_spoke"": 2}",12,15.999999999999988,25.97,9.970000000000002,0.3839045051983058,0.7225932109070673,51.940000000000005,33.97,17.97,True,True,True,True,True,[],False,False,True,False
N012_sector_018,12,sector,"{""angular_offset"": 0.06544984694978735, ""inner_radius"": 51.94, ""num_sectors"": 12, ""outer_radius"": 51.94, ""points_per_sector"": 1, ""radial_levels"": 1, ""sector_angle"": 0.2617993877991494}",12,26.886122405249825,26.886122405249846,1.2434497875801753e-14,4.624875870301685e-16,0.9999999999999996,51.94,51.94,4.1023203976182695e-15,True,True,True,True,True,[],False,False,True,False
N012_radial_spoke_019,12,radial_spoke,"{""angular_offset"": 0.1308996938995747, ""inner_radius"": 51.94, ""num_spokes"": 12, ""outer_radius"": 51.94, ""points_per_spoke"": 1}",12,26.88612240524982,26.886122405249846,1.3987047740492306e-14,5.202329859868957e-16,0.9999999999999996,51.940000000000005,51.94,5.426859785202775e-15,True,True,True,True,True,[],False,False,True,False
N012_deterministic_irregular_020,12,deterministic_irregular,"{""inner_radius"": 0.0, ""outer_radius"": 51.94}",12,23.180908342779272,25.086943569707472,1.1312924820558725,0.045094870920103246,0.9568509307864063,50.8464038387508,34.69523239316355,12.04668623250289,True,True,True,True,True,[],False,False,False,False
N013_rectangular_001,13,rectangular,"{""spacing"": 8.0}",13,8.0,8.0,0.0,0.0,1.0,16.97056274847714,10.830066528602677,3.6292144394590986,True,True,True,True,True,[],False,False,False,False
N013_rectangular_002,13,rectangular,"{""spacing"": 10.0}",13,10.0,10.0,0.0,0.0,1.0,21.213203435596427,13.537583160753345,4.536518049323874,True,True,True,True,True,[],False,False,False,False
N013_rectangular_003,13,rectangular,"{""spacing"": 14.0}",13,14.0,14.0,0.0,0.0,1.0,29.698484809834994,18.952616425054682,6.351125269053423,True,True,True,True,True,[],False,False,False,False
N013_rectangular_004,13,rectangular,"{""spacing"": 18.0}",13,18.0,18.0,0.0,0.0,1.0,38.18376618407357,24.36764968935603,8.165732488782973,True,True,True,True,True,[],False,False,False,False
N013_hexagonal_005,13,hexagonal,"{""spacing"": 8.0}",13,7.999999999999999,7.999999999999999,0.0,0.0,1.0,13.856406460551018,10.087572212562007,4.049040998828362,True,True,True,True,True,[],True,True,True,False
N013_hexagonal_006,13,hexagonal,"{""spacing"": 10.0}",13,10.0,10.0,0.0,0.0,1.0,17.320508075688775,12.60946526570251,5.061301248535452,True,True,True,True,True,[],True,True,True,False
N013_hexagonal_007,13,hexagonal,"{""spacing"": 12.0}",13,12.0,12.0,0.0,0.0,1.0,20.784609690826528,15.131358318843013,6.073561498242543,True,True,True,True,True,[],True,True,True,False
N013_hexagonal_008,13,hexagonal,"{""spacing"": 16.0}",13,15.999999999999998,15.999999999999998,0.0,0.0,1.0,27.712812921102035,20.175144425124014,8.098081997656724,True,True,True,True,True,[],True,True,True,False
N013_ring_009,13,ring,"{""points_per_ring"": [13], ""ring_radii"": [51.94]}",13,24.860111206191437,24.860111206191487,2.167760072238963e-14,8.719832563335741e-16,0.9999999999999991,51.940000000000005,51.93999999999998,1.6605337309997368e-14,True,True,True,True,True,[],True,False,False,False
N013_staggered_ring_010,13,staggered_ring,"{""delta_theta"": 0.3490658503988659, ""points_per_ring"": [4, 9], ""ring_radii"": [28.0, 51.94]}",13,23.939999999999998,27.862493001849682,3.940043780859946,0.14141031029055376,0.8761091353252655,51.940000000000005,44.57384615384615,11.049230769230768,True,True,True,True,True,[],True,False,False,False
N013_nonuniform_ring_011,13,nonuniform_ring,"{""points_per_ring"": [3, 4, 6], ""ring_offsets"": [0.0, 0.7853981633974483, 0.5235987755982988], ""ring_radii"": [20.0, 36.0, 51.94]}",13,17.466161860687702,21.935535410373458,6.378643905216975,0.2907904359699592,0.7747190962478384,51.940000000000005,39.66461538461538,12.76388933695044,True,True,True,True,True,[],True,False,False,False
N013_sector_012,13,sector,"{""angular_offset"": 0.06041524333826525, ""inner_radius"": 51.94, ""num_sectors"": 13, ""outer_radius"": 51.94, ""points_per_sector"": 1, ""radial_levels"": 1, ""sector_angle"": 0.241660973353061}",13,24.860111206191434,24.860111206191483,2.255558915788853e-14,9.073004127298913e-16,0.9999999999999991,51.940000000000005,51.93999999999999,8.125367044398013e-15,True,True,True,True,True,[],False,False,False,False
N013_radial_spoke_013,13,radial_spoke,"{""angular_offset"": 0.1208304866765305, ""inner_radius"": 51.94, ""num_spokes"": 13, ""outer_radius"": 51.94, ""points_per_spoke"": 1}",13,24.860111206191434,24.860111206191483,2.4435773440679384e-14,9.829309787879624e-16,0.9999999999999991,51.940000000000005,51.93999999999998,1.5641874690544657e-14,True,True,True,True,True,[],False,True,False,False
N013_deterministic_irregular_014,13,deterministic_irregular,"{""inner_radius"": 0.0, ""outer_radius"": 51.94}",13,22.271496338725118,24.13906791040716,1.051818745660754,0.04357329576952222,0.9582460609655676,50.93136029538639,34.68773638001532,12.068253594889407,True,True,True,True,True,[],False,False,False,False
N014_rectangular_001,14,rectangular,"{""spacing"": 8.0}",14,8.0,8.0,0.0,0.0,1.0,16.97056274847714,11.268673401450853,3.8381356783886336,True,True,True,True,True,[],False,True,False,False
N014_rectangular_002,14,rectangular,"{""spacing"": 10.0}",14,10.0,10.0,0.0,0.0,1.0,21.213203435596427,14.085841751813565,4.797669597985792,True,True,True,True,True,[],False,True,False,False
N014_rectangular_003,14,rectangular,"{""spacing"": 14.0}",14,14.0,14.0,0.0,0.0,1.0,29.698484809834994,19.720178452538992,6.716737437180108,True,True,True,True,True,[],False,True,False,False
N014_rectangular_004,14,rectangular,"{""spacing"": 18.0}",14,18.0,18.0,0.0,0.0,1.0,38.18376618407357,25.354515153264426,8.635805276374427,True,True,True,True,True,[],False,True,False,False
N014_hexagonal_005,14,hexagonal,"{""spacing"": 8.0}",14,7.999999999999999,7.999999999999999,0.0,0.0,1.0,15.999999999999998,10.509888483093292,4.188346221713642,True,True,True,True,True,[],False,False,False,False
N014_hexagonal_006,14,hexagonal,"{""spacing"": 10.0}",14,10.0,10.0,0.0,0.0,1.0,20.0,13.137360603866616,5.235432777142053,True,True,True,True,True,[],False,False,False,False
N014_hexagonal_007,14,hexagonal,"{""spacing"": 12.0}",14,12.0,12.0,0.0,0.0,1.0,24.0,15.764832724639941,6.282519332570465,True,True,True,True,True,[],False,False,False,False
N014_hexagonal_008,14,hexagonal,"{""spacing"": 16.0}",14,15.999999999999998,15.999999999999998,0.0,0.0,1.0,31.999999999999996,21.019776966186583,8.376692443427284,True,True,True,True,True,[],False,False,False,False
N014_ring_009,14,ring,"{""points_per_ring"": [14], ""ring_radii"": [51.94]}",14,23.115474619381892,23.115474619381928,2.210527049318558e-14,9.562974958191293e-16,0.9999999999999991,51.940000000000005,51.93999999999999,1.0226456725048997e-14,True,True,True,True,True,[],True,True,True,False
N014_staggered_ring_010,14,staggered_ring,"{""delta_theta"": 0.3490658503988659, ""points_per_ring"": [5, 9], ""ring_radii"": [28.0, 51.94]}",14,24.0875258350098,26.671777941005182,2.7980492855634163,0.1049067404412398,0.9050537601034584,51.940000000000005,43.38999999999999,11.47102872457392,True,True,True,True,True,[],True,False,False,False
N014_nonuniform_ring_011,14,nonuniform_ring,"{""points_per_ring"": [3, 4, 7], ""ring_offsets"": [0.0, 0.7853981633974483, 0.4487989505128276], ""ring_radii"": [20.0, 36.0, 51.94]}",14,16.6612701468537,22.002005950383136,5.860316789808298,0.2663537498818942,0.7896687636399106,51.940000000000005,40.54142857142857,12.699384606655359,True,True,True,True,True,[],True,False,False,False
N014_sector_012,14,sector,"{""angular_offset"": 0.1121997376282069, ""inner_radius"": 24.0, ""num_sectors"": 7, ""outer_radius"": 51.94, ""points_per_sector"": 2, ""radial_levels"": 2, ""sector_angle"": 0.4487989505128276}",14,20.826419477642787,24.383209738821392,3.556790261178606,0.14587046985515248,0.8726989885047027,51.940000000000005,37.96999999999999,13.97,True,True,True,True,True,[],False,False,False,False
N014_radial_spoke_013,14,radial_spoke,"{""angular_offset"": 0.2243994752564138, ""inner_radius"": 16.0, ""num_spokes"": 7, ""outer_radius"": 51.94, ""points_per_spoke"": 2}",14,13.884279651761858,24.912139825880928,11.02786017411907,0.44267012995256055,0.6931591493010831,51.940000000000005,33.97,17.97,True,True,True,True,True,[],False,True,False,False
N014_sector_014,14,sector,"{""angular_offset"": 0.05609986881410345, ""inner_radius"": 51.94, ""num_sectors"": 14, ""outer_radius"": 51.94, ""points_per_sector"": 1, ""radial_levels"": 1, ""sector_angle"": 0.2243994752564138}",14,23.115474619381885,23.115474619381924,1.794032467181608e-14,7.761175129310747e-16,0.9999999999999993,51.940000000000005,51.940000000000005,8.27757236991598e-15,True,True,True,True,True,[],False,False,True,False
N014_radial_spoke_015,14,radial_spoke,"{""angular_offset"": 0.1121997376282069, ""inner_radius"": 51.94, ""num_spokes"": 14, ""outer_radius"": 51.94, ""points_per_spoke"": 1}",14,23.115474619381892,23.115474619381928,2.23284592415079e-14,9.659528782846566e-16,0.9999999999999991,51.940000000000005,51.94,4.246305029676e-15,True,True,True,True,True,[],False,False,True,False
N014_deterministic_irregular_016,14,deterministic_irregular,"{""inner_radius"": 0.0, ""outer_radius"": 51.94}",14,21.461350874730275,23.15787081966518,0.8873082732424187,0.03831562409826274,0.9630982880263038,51.004067484858496,34.681519749682366,12.086107224925323,True,True,True,True,True,[],False,False,False,False
N015_rectangular_001,15,rectangular,"{""spacing"": 8.0}",15,8.0,8.0,0.0,0.0,1.0,16.97056274847714,11.648799357919271,3.971415388196785,True,True,True,True,True,[],False,False,False,False
N015_rectangular_002,15,rectangular,"{""spacing"": 10.0}",15,10.0,10.0,0.0,0.0,1.0,21.213203435596427,14.56099919739909,4.964269235245981,True,True,True,True,True,[],False,False,False,False
N015_rectangular_003,15,rectangular,"{""spacing"": 14.0}",15,14.0,14.0,0.0,0.0,1.0,29.698484809834994,20.385398876358728,6.949976929344373,True,True,True,True,True,[],False,False,False,False
N015_rectangular_004,15,rectangular,"{""spacing"": 18.0}",15,18.0,18.0,0.0,0.0,1.0,38.18376618407357,26.20979855531837,8.935684623442768,True,True,True,True,True,[],False,False,False,False
N015_hexagonal_005,15,hexagonal,"{""spacing"": 8.0}",15,7.999999999999999,7.999999999999999,0.0,0.0,1.0,15.999999999999998,10.87589591755374,4.2717936892915604,True,True,True,True,True,[],False,True,False,False
N015_hexagonal_006,15,hexagonal,"{""spacing"": 10.0}",15,10.0,10.0,0.0,0.0,1.0,20.0,13.594869896942177,5.339742111614452,True,True,True,True,True,[],False,True,False,False
N015_hexagonal_007,15,hexagonal,"{""spacing"": 12.0}",15,12.0,12.0,0.0,0.0,1.0,24.0,16.313843876330612,6.407690533937342,True,True,True,True,True,[],False,True,False,False
N015_hexagonal_008,15,hexagonal,"{""spacing"": 16.0}",15,15.999999999999998,15.999999999999998,0.0,0.0,1.0,31.999999999999996,21.75179183510748,8.543587378583121,True,True,True,True,True,[],False,True,False,False
N015_ring_009,15,ring,"{""points_per_ring"": [15], ""ring_radii"": [51.94]}",15,21.597866442148824,21.597866442148828,1.1889654083092801e-14,5.505013245146204e-16,0.9999999999999996,51.940000000000005,51.94000000000001,1.512861011356043e-14,True,True,True,True,True,[],True,False,False,False
N015_staggered_ring_010,15,staggered_ring,"{""delta_theta"": 0.3141592653589793, ""points_per_ring"": [5, 10], ""ring_radii"": [28.0, 51.94]}",15,26.748506022641045,26.748506022641042,7.395563270997246e-15,2.764850965783784e-16,0.9999999999999998,51.940000000000005,43.96000000000001,11.285424227737296,True,True,True,True,True,[],True,False,False,True
N015_nonuniform_ring_011,15,nonuniform_ring,"{""points_per_ring"": [3, 5, 7], ""ring_offsets"": [0.0, 0.6283185307179586, 0.4487989505128276], ""ring_radii"": [20.0, 36.0, 51.94]}",15,15.939999999999998,19.600708066886334,3.957546129271194,0.2019083247281826,0.8320102119486983,51.940000000000005,40.23866666666666,12.320959847169194,True,True,True,True,True,[],True,False,False,False
N015_sector_012,15,sector,"{""angular_offset"": 0.2617993877991494, ""inner_radius"": 24.0, ""num_sectors"": 3, ""outer_radius"": 51.94, ""points_per_sector"": 5, ""radial_levels"": 3, ""sector_angle"": 1.0471975511965976}",15,13.969999999999995,16.555963054347153,5.171926108694308,0.31239053214342,0.7619683131718284,51.940000000000005,35.17600000000001,10.45419073864639,True,True,True,True,True,[],False,False,False,False
N015_sector_013,15,sector,"{""angular_offset"": 0.15707963267948966, ""inner_radius"": 24.0, ""num_sectors"": 5, ""outer_radius"": 51.94, ""points_per_sector"": 3, ""radial_levels"": 3, ""sector_angle"": 0.6283185307179586}",15,13.969999999999995,13.969999999999999,2.674385700306491e-15,1.914377738229414e-16,0.9999999999999998,51.940000000000005,37.97,11.406457235560334,True,True,True,True,True,[],False,False,False,False
N015_radial_spoke_014,15,radial_spoke,"{""angular_offset"": 0.3141592653589793, ""inner_radius"": 16.0, ""num_spokes"": 5, ""outer_radius"": 51.94, ""points_per_spoke"": 3}",15,17.97,17.969999999999995,3.552713678800501e-15,1.9770248629941578e-16,0.9999999999999998,51.940000000000005,33.97,14.672443559271237,True,True,True,True,True,[],False,True,False,False
N015_sector_015,15,sector,"{""angular_offset"": 0.05235987755982988, ""inner_radius"": 51.94, ""num_sectors"": 15, ""outer_radius"": 51.94, ""points_per_sector"": 1, ""radial_levels"": 1, ""sector_angle"": 0.20943951023931953}",15,21.597866442148817,21.597866442148828,1.447485600711457e-14,6.701984219546099e-16,0.9999999999999993,51.940000000000005,51.94000000000001,1.3605857528721374e-14,True,True,True,True,True,[],False,False,False,False
N015_radial_spoke_016,15,radial_spoke,"{""angular_offset"": 0.10471975511965977, ""inner_radius"": 51.94, ""num_spokes"": 15, ""outer_radius"": 51.94, ""points_per_spoke"": 1}",15,21.5978664421488,21.597866442148828,1.7161237463612905e-14,7.94580219744404e-16,0.9999999999999991,51.940000000000005,51.940000000000005,8.204640795236539e-15,True,True,True,True,True,[],False,True,False,False
N015_deterministic_irregular_017,15,deterministic_irregular,"{""inner_radius"": 0.0, ""outer_radius"": 51.94}",15,20.733634733858576,22.366890499966072,0.8284326587725042,0.037038347318495646,0.9642844959260505,51.066996648194085,34.67629561442536,12.101087656115231,True,True,True,True,True,[],False,False,False,False
N016_rectangular_001,16,rectangular,"{""spacing"": 8.0}",16,8.0,8.0,0.0,0.0,1.0,16.97056274847714,11.98140956982914,4.055345203556255,True,True,True,True,True,[],True,True,True,False
N016_rectangular_002,16,rectangular,"{""spacing"": 10.0}",16,10.0,10.0,0.0,0.0,1.0,21.213203435596427,14.976761962286425,5.06918150444532,True,True,True,True,True,[],True,True,True,False
N016_rectangular_003,16,rectangular,"{""spacing"": 14.0}",16,14.0,14.0,0.0,0.0,1.0,29.698484809834994,20.967466747200994,7.096854106223447,True,True,True,True,True,[],True,True,True,False
N016_rectangular_004,16,rectangular,"{""spacing"": 18.0}",16,18.0,18.0,0.0,0.0,1.0,38.18376618407357,26.958171532115564,9.124526708001577,True,True,True,True,True,[],True,True,True,False
N016_hexagonal_005,16,hexagonal,"{""spacing"": 8.0}",16,7.999999999999999,7.999999999999999,0.0,0.0,1.0,16.0,11.196152422706632,4.318121226589223,True,True,True,True,True,[],False,False,False,False
N016_hexagonal_006,16,hexagonal,"{""spacing"": 10.0}",16,10.0,10.0,0.0,0.0,1.0,20.0,13.99519052838329,5.3976515332365285,True,True,True,True,True,[],False,False,False,False
N016_hexagonal_007,16,hexagonal,"{""spacing"": 12.0}",16,12.0,12.0,0.0,0.0,1.0,24.0,16.794228634059948,6.477181839883834,True,True,True,True,True,[],False,False,False,False
N016_hexagonal_008,16,hexagonal,"{""spacing"": 16.0}",16,15.999999999999998,15.999999999999998,0.0,0.0,1.0,32.0,22.392304845413264,8.636242453178445,True,True,True,True,True,[],False,False,False,False
N016_ring_009,16,ring,"{""points_per_ring"": [16], ""ring_radii"": [51.94]}",16,20.26598265103538,20.265982651035394,1.2592102364157598e-14,6.213418111020768e-16,0.9999999999999993,51.940000000000005,51.94,3.972054645195637e-15,True,True,True,True,True,[],True,True,True,False
N016_staggered_ring_010,16,staggered_ring,"{""delta_theta"": 0.28559933214452665, ""points_per_ring"": [5, 11], ""ring_radii"": [28.0, 51.94]}",16,24.038870388524597,26.17035655344583,1.9945511885332685,0.07621413886585536,0.9291831094635387,51.940000000000005,44.458749999999995,11.096486986316886,True,True,True,True,True,[],True,False,False,False
N016_nonuniform_ring_011,16,nonuniform_ring,"{""points_per_ring"": [3, 5, 8], ""ring_offsets"": [0.0, 0.6283185307179586, 0.39269908169872414], ""ring_radii"": [20.0, 36.0, 51.94]}",16,16.29760060207931,20.259307196341773,4.01235579627469,0.1980500002980952,0.8346897038948149,51.940000000000005,40.97,12.261357999830198,True,True,True,True,True,[],True,False,False,False
N016_sector_012,16,sector,"{""angular_offset"": 0.19634954084936207, ""inner_radius"": 24.0, ""num_sectors"": 4, ""outer_radius"": 51.94, ""points_per_sector"": 4, ""radial_levels"": 3, ""sector_angle"": 0.7853981633974483}",16,13.969999999999995,16.121397255294738,2.151397255294744,0.1334498009834825,0.882262274987662,51.94,34.4775,11.583312080316233,True,True,True,True,True,[],False,False,True,False
N016_radial_spoke_013,16,radial_spoke,"{""angular_offset"": 0.39269908169872414, ""inner_radius"": 16.0, ""num_spokes"": 4, ""outer_radius"": 51.94, ""points_per_spoke"": 4}",16,11.979999999999995,11.979999999999999,3.4399002279594067e-15,2.8713691385303897e-16,0.9999999999999998,51.940000000000005,33.97,13.39404718522374,True,True,True,True,True,[],False,False,True,False
N016_sector_014,16,sector,"{""angular_offset"": 0.09817477042468103, ""inner_radius"": 24.0, ""num_sectors"": 8, ""outer_radius"": 51.94, ""points_per_sector"": 2, ""radial_levels"": 2, ""sector_angle"": 0.39269908169872414}",16,18.368804753524298,23.15440237676215,4.785597623237847,0.20668197543464528,0.8287187679585596,51.940000000000005,37.97,13.97,True,True,True,True,True,[],False,False,True,False
N016_radial_spoke_015,16,radial_spoke,"{""angular_offset"": 0.19634954084936207, ""inner_radius"": 16.0, ""num_spokes"": 8, ""outer_radius"": 51.94, ""points_per_spoke"": 2}",16,12.245869835682871,24.092934917841433,11.847065082158563,0.4917236161786794,0.6703654679421658,51.940000000000005,33.97,17.97,True,True,True,True,True,[],False,False,True,False
N016_sector_016,16,sector,"{""angular_offset"": 0.04908738521234052, ""inner_radius"": 51.94, ""num_sectors"": 16, ""outer_radius"": 51.94, ""points_per_sector"": 1, ""radial_levels"": 1, ""sector_angle"": 0.19634954084936207}",16,20.265982651035376,20.265982651035394,1.2623387138745463e-14,6.22885519844286e-16,0.9999999999999993,51.940000000000005,51.94,2.5121479338940403e-15,True,True,True,True,True,[],False,False,True,False
N016_radial_spoke_017,16,radial_spoke,"{""angular_offset"": 0.09817477042468103, ""inner_radius"": 51.94, ""num_spokes"": 16, ""outer_radius"": 51.94, ""points_per_spoke"": 1}",16,20.265982651035376,20.265982651035394,1.3873790429220374e-14,6.845851330338309e-16,0.9999999999999993,51.940000000000005,51.94,6.153480596427404e-15,True,True,True,True,True,[],False,False,True,False
N016_deterministic_irregular_018,16,deterministic_irregular,"{""inner_radius"": 0.0, ""outer_radius"": 51.94}",16,20.07525550764548,21.647612256684788,0.7774437482702437,0.03591360280532412,0.9653314690452295,51.121996122021685,34.671854934853236,12.113805156782611,True,True,True,True,True,[],False,False,False,False
N017_rectangular_001,17,rectangular,"{""spacing"": 8.0}",17,8.0,8.0,0.0,0.0,1.0,17.88854381999832,12.518177016231313,4.899094461555042,True,True,True,True,True,[],False,True,False,False
N017_rectangular_002,17,rectangular,"{""spacing"": 10.0}",17,10.0,10.0,0.0,0.0,1.0,22.360679774997898,15.64772127028914,6.123868076943802,True,True,True,True,True,[],False,True,False,False
N017_rectangular_003,17,rectangular,"{""spacing"": 14.0}",17,14.0,14.0,0.0,0.0,1.0,31.304951684997057,21.906809778404796,8.573415307721326,True,True,True,True,True,[],False,True,False,False
N017_rectangular_004,17,rectangular,"{""spacing"": 18.0}",17,18.0,18.0,0.0,0.0,1.0,40.24922359499622,28.165898286520452,11.022962538498845,True,True,True,True,True,[],False,True,False,False
N017_hexagonal_005,17,hexagonal,"{""spacing"": 8.0}",17,7.999999999999999,7.999999999999998,8.881784197001252e-16,1.1102230246251568e-16,0.9999999999999998,16.0,11.478731691959183,4.339003807111664,True,True,True,True,True,[],False,False,False,False
N017_hexagonal_006,17,hexagonal,"{""spacing"": 10.0}",17,10.0,10.0,0.0,0.0,1.0,20.0,14.348414614948979,5.423754758889581,True,True,True,True,True,[],False,False,False,False
N017_hexagonal_007,17,hexagonal,"{""spacing"": 12.0}",17,12.0,12.0,0.0,0.0,1.0,24.0,17.218097537938775,6.508505710667497,True,True,True,True,True,[],False,False,False,False
N017_hexagonal_008,17,hexagonal,"{""spacing"": 16.0}",17,15.999999999999998,15.999999999999996,1.7763568394002505e-15,1.1102230246251568e-16,0.9999999999999998,32.0,22.957463383918366,8.678007614223327,True,True,True,True,True,[],False,False,False,False
N017_ring_009,17,ring,"{""points_per_ring"": [17], ""ring_radii"": [51.94]}",17,19.08789991078527,19.08789991078531,2.409567650518791e-14,1.262353460454444e-15,0.9999999999999987,51.940000000000005,51.94,5.449614014078253e-15,True,True,True,True,True,[],True,False,False,False
N017_staggered_ring_010,17,staggered_ring,"{""delta_theta"": 0.28559933214452665, ""points_per_ring"": [6, 11], ""ring_radii"": [28.0, 51.94]}",17,23.939999999999998,25.769936099224967,1.7735169168420828,0.06882116082916563,0.935610218667662,51.940000000000005,43.49058823529411,11.440557612175581,True,True,True,True,True,[],True,False,False,False
N017_nonuniform_ring_011,17,nonuniform_ring,"{""points_per_ring"": [3, 5, 9], ""ring_offsets"": [0.0, 0.6283185307179586, 0.3490658503988659], ""ring_radii"": [20.0, 36.0, 51.94]}",17,15.939999999999998,20.12565512213978,4.055253287377568,0.20149670968556327,0.832295246369592,51.940000000000005,41.61529411764705,12.172090601838994,True,True,True,True,True,[],True,False,False,False
N017_deterministic_irregular_012,17,deterministic_irregular,"{""inner_radius"": 0.0, ""outer_radius"": 51.94}",17,19.475858569243528,20.98535435651215,0.7322591666382363,0.03489381947991755,0.9662827057007131,51.17047597750783,34.66804214566497,12.124712523866194,True,True,True,True,True,[],False,False,False,False
N018_rectangular_001,18,rectangular,"{""spacing"": 8.0}",18,8.0,8.0,0.0,0.0,1.0,17.88854381999832,12.8165307275517,4.917416451162897,True,True,True,True,True,[],False,False,False,False
N018_rectangular_002,18,rectangular,"{""spacing"": 10.0}",18,10.0,10.0,0.0,0.0,1.0,22.360679774997898,16.020663409439624,6.146770563953621,True,True,True,True,True,[],False,False,False,False
N018_rectangular_003,18,rectangular,"{""spacing"": 14.0}",18,14.0,14.0,0.0,0.0,1.0,31.304951684997057,22.428928773215475,8.605478789535068,True,True,True,True,True,[],False,False,False,False
N018_rectangular_004,18,rectangular,"{""spacing"": 18.0}",18,18.0,18.0,0.0,0.0,1.0,40.24922359499622,28.83719413699133,11.064187015116516,True,True,True,True,True,[],False,False,False,False
N018_hexagonal_005,18,hexagonal,"{""spacing"": 8.0}",18,7.999999999999999,7.999999999999998,8.881784197001252e-16,1.1102230246251568e-16,0.9999999999999998,16.0,11.729913264628117,4.342070847964803,True,True,True,True,True,[],True,False,False,False
N018_hexagonal_006,18,hexagonal,"{""spacing"": 10.0}",18,10.0,10.0,0.0,0.0,1.0,20.0,14.662391580785147,5.427588559956005,True,True,True,True,True,[],True,False,False,False
N018_hexagonal_007,18,hexagonal,"{""spacing"": 12.0}",18,12.0,12.0,0.0,0.0,1.0,24.0,17.594869896942175,6.513106271947206,True,True,True,True,True,[],True,False,False,False
N018_hexagonal_008,18,hexagonal,"{""spacing"": 16.0}",18,15.999999999999998,15.999999999999996,1.7763568394002505e-15,1.1102230246251568e-16,0.9999999999999998,32.0,23.459826529256233,8.684141695929606,True,True,True,True,True,[],True,False,False,False
N018_ring_009,18,ring,"{""points_per_ring"": [18], ""ring_radii"": [51.94]}",18,18.038572696040703,18.03857269604072,1.0950198975068616e-14,6.070435371791956e-16,0.9999999999999993,51.940000000000005,51.94,5.0242958677880805e-15,True,True,True,True,True,[],True,True,True,False
N018_staggered_ring_010,18,staggered_ring,"{""delta_theta"": 0.2617993877991494, ""points_per_ring"": [6, 12], ""ring_radii"": [28.0, 51.94]}",18,25.927458506814045,25.927458506814048,5.921189464667502e-15,2.283752363584476e-16,0.9999999999999998,51.940000000000005,43.96,11.285424227737298,True,True,True,True,True,[],True,True,True,True
N018_nonuniform_ring_011,18,nonuniform_ring,"{""points_per_ring"": [3, 6, 9], ""ring_offsets"": [0.0, 0.5235987755982988, 0.3490658503988659], ""ring_radii"": [20.0, 36.0, 51.94]}",18,17.632292596690448,19.866028392558498,3.6438441428295385,0.18342086655803155,0.8450079158300552,51.940000000000005,41.30333333333333,11.898870628014333,True,True,True,True,True,[],True,False,False,False
N018_sector_012,18,sector,"{""angular_offset"": 0.2617993877991494, ""inner_radius"": 24.0, ""num_sectors"": 3, ""outer_radius"": 51.94, ""points_per_sector"": 6, ""radial_levels"": 3, ""sector_angle"": 1.0471975511965976}",18,13.969999999999995,13.969999999999999,2.9007785717557725e-15,2.0764341959597513e-16,0.9999999999999998,51.940000000000005,37.97,11.406457235560332,True,True,True,True,True,[],False,False,True,False
N018_sector_013,18,sector,"{""angular_offset"": 0.1308996938995747, ""inner_radius"": 24.0, ""num_sectors"": 6, ""outer_radius"": 51.94, ""points_per_sector"": 3, ""radial_levels"": 3, ""sector_angle"": 0.5235987755982988}",18,13.969999999999995,13.969999999999999,2.9007785717557725e-15,2.0764341959597513e-16,0.9999999999999998,51.940000000000005,37.97,11.406457235560334,True,True,True,True,True,[],False,False,True,False
N018_radial_spoke_014,18,radial_spoke,"{""angular_offset"": 0.2617993877991494, ""inner_radius"": 16.0, ""num_spokes"": 6, ""outer_radius"": 51.94, ""points_per_spoke"": 3}",18,15.999999999999988,17.313333333333325,0.9286669059583342,0.05363882783740862,0.9490918268952727,51.940000000000005,33.97,14.672443559271237,True,True,True,True,True,[],False,False,True,False
N018_sector_015,18,sector,"{""angular_offset"": 0.08726646259971647, ""inner_radius"": 24.186836029203263, ""num_sectors"": 9, ""outer_radius"": 51.94, ""points_per_sector"": 2, ""radial_levels"": 2, ""sector_angle"": 0.3490658503988659}",18,16.54477025060509,22.148967110700916,5.604196860095819,0.2530229437827032,0.798069983444308,51.940000000000005,38.06341801460164,13.876581985398367,True,True,True,True,True,[],False,False,False,False
N018_radial_spoke_016,18,radial_spoke,"{""angular_offset"": 0.17453292519943295, ""inner_radius"": 16.0, ""num_spokes"": 9, ""outer_radius"": 51.94, ""points_per_spoke"": 2}",18,10.944644586421395,23.236848537545928,12.292203951124531,0.5289961730939063,0.6540238737004236,51.940000000000005,33.97,17.97,True,True,True,True,True,[],False,True,False,False
N018_deterministic_irregular_017,18,deterministic_irregular,"{""inner_radius"": 0.0, ""outer_radius"": 51.94}",18,18.92713240467827,20.35652815215605,0.671052612244366,0.032964983381672176,0.9680870272351799,51.213530655699,34.66473932047691,12.134152127090807,True,True,True,True,True,[],False,False,False,False
N019_rectangular_001,19,rectangular,"{""spacing"": 8.0}",19,8.0,8.0,0.0,0.0,1.0,17.88854381999832,13.083478785048891,4.9184351102568336,True,True,True,True,True,[],False,False,False,False
N019_rectangular_002,19,rectangular,"{""spacing"": 10.0}",19,10.0,10.0,0.0,0.0,1.0,22.360679774997898,16.354348481311114,6.148043887821043,True,True,True,True,True,[],False,False,False,False
N019_rectangular_003,19,rectangular,"{""spacing"": 14.0}",19,14.0,14.0,0.0,0.0,1.0,31.304951684997057,22.896087873835558,8.607261442949458,True,True,True,True,True,[],False,False,False,False
N019_rectangular_004,19,rectangular,"{""spacing"": 18.0}",19,18.0,18.0,0.0,0.0,1.0,40.24922359499622,29.43782726636001,11.066478998077876,True,True,True,True,True,[],False,False,False,False
N019_hexagonal_005,19,hexagonal,"{""spacing"": 8.0}",19,7.999999999999999,7.999999999999998,8.881784197001252e-16,1.1102230246251568e-16,0.9999999999999998,16.0,11.954654671752953,4.3324868384625335,True,True,True,True,True,[],True,True,True,False
N019_hexagonal_006,19,hexagonal,"{""spacing"": 10.0}",19,10.0,10.0,0.0,0.0,1.0,20.0,14.943318339691192,5.4156085480781675,True,True,True,True,True,[],True,True,True,False
N019_hexagonal_007,19,hexagonal,"{""spacing"": 12.0}",19,12.0,12.0,0.0,0.0,1.0,24.0,17.93198200762943,6.4987302576938015,True,True,True,True,True,[],True,True,True,False
N019_hexagonal_008,19,hexagonal,"{""spacing"": 16.0}",19,15.999999999999998,15.999999999999996,1.7763568394002505e-15,1.1102230246251568e-16,0.9999999999999998,32.0,23.909309343505907,8.664973676925067,True,True,True,True,True,[],True,True,True,False
N019_ring_009,19,ring,"{""points_per_ring"": [19], ""ring_radii"": [51.94]}",19,17.09808603836259,17.09808603836262,1.892246846952892e-14,1.1067009738442636e-15,0.9999999999999989,51.940000000000005,51.94,5.64682106755062e-15,True,True,True,True,True,[],True,False,False,False
N019_staggered_ring_010,19,staggered_ring,"{""delta_theta"": 0.241660973353061, ""points_per_ring"": [6, 13], ""ring_radii"": [28.0, 51.94]}",19,23.939999999999998,24.621412089591086,0.42348694190136255,0.017199945330527783,0.9830908904296698,51.940000000000005,44.38,11.128018691573086,True,True,True,True,True,[],True,False,False,False
N019_nonuniform_ring_011,19,nonuniform_ring,"{""points_per_ring"": [3, 6, 10], ""ring_offsets"": [0.0, 0.5235987755982988, 0.3141592653589793], ""ring_radii"": [20.0, 36.0, 51.94]}",19,15.939999999999998,19.475761444187405,2.8314455915390813,0.14538304957437923,0.8730703674823866,51.940000000000005,41.863157894736844,11.822548061195597,True,True,True,True,True,[],True,False,False,False
N019_deterministic_irregular_012,19,deterministic_irregular,"{""inner_radius"": 0.0, ""outer_radius"": 51.94}",19,18.422317899702097,19.758187440545907,0.546107427337003,0.027639550894042658,0.9731038467038406,51.25202260450442,34.661855598925506,12.14238718042035,True,True,True,True,True,[],False,False,False,False
N020_rectangular_001,20,rectangular,"{""spacing"": 8.0}",20,8.0,8.0,0.0,0.0,1.0,17.88854381999832,13.323732036796363,4.906950642878552,True,True,True,True,True,[],False,False,False,False
N020_rectangular_002,20,rectangular,"{""spacing"": 10.0}",20,10.0,10.0,0.0,0.0,1.0,22.360679774997898,16.65466504599545,6.133688303598191,True,True,True,True,True,[],False,False,False,False
N020_rectangular_003,20,rectangular,"{""spacing"": 14.0}",20,14.0,14.0,0.0,0.0,1.0,31.304951684997057,23.316531064393633,8.587163625037464,True,True,True,True,True,[],False,False,False,False
N020_rectangular_004,20,rectangular,"{""spacing"": 18.0}",20,18.0,18.0,0.0,0.0,1.0,40.24922359499622,29.978397082791822,11.04063894647674,True,True,True,True,True,[],False,False,False,False
N020_hexagonal_005,20,hexagonal,"{""spacing"": 8.0}",20,7.999999999999999,7.999999999999998,8.881784197001252e-16,1.1102230246251568e-16,0.9999999999999998,21.166010488516726,12.415222462591142,4.675708631252844,True,True,True,True,True,[],False,False,False,False
N020_hexagonal_006,20,hexagonal,"{""spacing"": 10.0}",20,10.0,10.0,0.0,0.0,1.0,26.457513110645905,15.519028078238927,5.844635789066055,True,True,True,True,True,[],False,False,False,False
N020_hexagonal_007,20,hexagonal,"{""spacing"": 12.0}",20,12.0,12.0,0.0,0.0,1.0,31.74901573277509,18.62283369388671,7.013562946879267,True,True,True,True,True,[],False,False,False,False
N020_hexagonal_008,20,hexagonal,"{""spacing"": 16.0}",20,15.999999999999998,15.999999999999996,1.7763568394002505e-15,1.1102230246251568e-16,0.9999999999999998,42.33202097703345,24.830444925182285,9.351417262505688,True,True,True,True,True,[],False,False,False,False
N020_ring_009,20,ring,"{""points_per_ring"": [20], ""ring_radii"": [51.94]}",20,16.25041222837916,16.250412228379172,7.578197272444791e-15,4.663387713457806e-16,0.9999999999999996,51.940000000000005,51.94000000000001,1.3481600519334531e-14,True,True,True,True,True,[],True,True,True,False
N020_staggered_ring_010,20,staggered_ring,"{""delta_theta"": 0.241660973353061, ""points_per_ring"": [7, 13], ""ring_radii"": [28.0, 51.94]}",20,23.97617026606906,24.47620116241403,0.35736091078669413,0.014600342120715292,0.9856097603020736,51.940000000000005,43.56100000000001,11.418652240960839,True,True,True,True,True,[],True,False,False,True
N020_nonuniform_ring_011,20,nonuniform_ring,"{""points_per_ring"": [4, 6, 10], ""ring_offsets"": [0.0, 0.5235987755982988, 0.3141592653589793], ""ring_radii"": [20.0, 36.0, 51.94]}",20,15.939999999999998,19.04258272336157,2.913781369066113,0.15301397984693885,0.867292172929897,51.940000000000005,40.77,12.469518835945516,True,True,True,True,True,[],True,True,True,False
N020_sector_012,20,sector,"{""angular_offset"": 0.19634954084936207, ""inner_radius"": 24.0, ""num_sectors"": 4, ""outer_radius"": 51.94, ""points_per_sector"": 5, ""radial_levels"": 3, ""sector_angle"": 0.7853981633974483}",20,13.969999999999997,15.627537515774804,3.315075031549618,0.21213035183587325,0.8249937793286143,51.94,35.176,10.454190738646393,True,True,True,True,True,[],False,False,True,False
N020_sector_013,20,sector,"{""angular_offset"": 0.15707963267948966, ""inner_radius"": 24.0, ""num_sectors"": 5, ""outer_radius"": 51.94, ""points_per_sector"": 4, ""radial_levels"": 3, ""sector_angle"": 0.6283185307179586}",20,13.969999999999997,14.401407864998735,0.43140786499873773,0.029955950768343554,0.9709153088090839,51.940000000000005,34.477500000000006,11.583312080316235,True,True,True,True,True,[],False,False,False,False
N020_radial_spoke_014,20,radial_spoke,"{""angular_offset"": 0.3141592653589793, ""inner_radius"": 16.0, ""num_spokes"": 5, ""outer_radius"": 51.94, ""points_per_spoke"": 4}",20,11.979999999999995,11.979999999999997,3.952144471470652e-15,3.2989519795247516e-16,0.9999999999999998,51.940000000000005,33.970000000000006,13.39404718522374,True,True,True,True,True,[],False,True,False,False
N020_sector_015,20,sector,"{""angular_offset"": 0.07853981633974483, ""inner_radius"": 26.84830353029858, ""num_sectors"": 10, ""outer_radius"": 51.94, ""points_per_sector"": 2, ""radial_levels"": 2, ""sector_angle"": 0.3141592653589793}",20,16.59316412199831,20.842430295849862,4.249266173851553,0.2038757531408257,0.8306505030864452,51.940000000000005,39.39415176514929,12.54584823485071,True,True,True,True,True,[],False,False,True,False
N020_radial_spoke_016,20,radial_spoke,"{""angular_offset"": 0.15707963267948966, ""inner_radius"": 16.0, ""num_spokes"": 10, ""outer_radius"": 51.94, ""points_per_spoke"": 2}",20,9.888543819998317,20.99461459783392,11.106070777835606,0.5289961730939065,0.6540238737004235,51.940000000000005,33.970000000000006,17.97,True,True,True,True,True,[],False,False,True,False
N020_deterministic_irregular_017,20,deterministic_irregular,"{""inner_radius"": 0.0, ""outer_radius"": 51.94}",20,17.955854392308936,19.242301113579757,0.4710076358804979,0.024477718808178114,0.9761071242850902,51.2866406581675,34.659319955466614,12.149623048662592,True,True,True,True,True,[],False,False,False,False
N021_rectangular_001,21,rectangular,"{""spacing"": 8.0}",21,8.0,8.0,0.0,0.0,1.0,17.88854381999832,13.541104026472649,4.886368486139938,True,True,True,True,True,[],True,True,True,False
N021_rectangular_002,21,rectangular,"{""spacing"": 10.0}",21,10.0,10.0,0.0,0.0,1.0,22.360679774997898,16.926380033090805,6.107960607674922,True,True,True,True,True,[],True,True,True,False
N021_rectangular_003,21,rectangular,"{""spacing"": 14.0}",21,14.0,14.0,0.0,0.0,1.0,31.304951684997057,23.696932046327127,8.551144850744892,True,True,True,True,True,[],True,True,True,False
N021_rectangular_004,21,rectangular,"{""spacing"": 18.0}",21,18.0,18.0,0.0,0.0,1.0,40.24922359499622,30.46748405956346,10.994329093814862,True,True,True,True,True,[],True,True,True,False
N021_hexagonal_005,21,hexagonal,"{""spacing"": 8.0}",21,7.999999999999999,7.999999999999998,8.881784197001252e-16,1.1102230246251568e-16,0.9999999999999998,21.166010488516726,12.831926654301883,4.928898385136157,True,True,True,True,True,[],False,False,False,False
N021_hexagonal_006,21,hexagonal,"{""spacing"": 10.0}",21,10.0,10.0,0.0,0.0,1.0,26.457513110645905,16.039908317877355,6.1611229814201955,True,True,True,True,True,[],False,False,False,False
N021_hexagonal_007,21,hexagonal,"{""spacing"": 12.0}",21,12.0,12.0,0.0,0.0,1.0,31.74901573277509,19.247889981452825,7.393347577704236,True,True,True,True,True,[],False,False,False,False
N021_hexagonal_008,21,hexagonal,"{""spacing"": 16.0}",21,15.999999999999998,15.999999999999996,1.7763568394002505e-15,1.1102230246251568e-16,0.9999999999999998,42.33202097703345,25.663853308603766,9.857796770272314,True,True,True,True,True,[],False,False,False,False
N021_ring_009,21,ring,"{""points_per_ring"": [21], ""ring_radii"": [51.94]}",21,15.482510610380972,15.482510610380999,1.531517686759491e-14,9.891920795666115e-16,0.9999999999999991,51.940000000000005,51.94,5.801557143511545e-15,True,True,True,True,True,[],True,False,False,False
N021_staggered_ring_010,21,staggered_ring,"{""delta_theta"": 0.2243994752564138, ""points_per_ring"": [7, 14], ""ring_radii"": [28.0, 51.94]}",21,23.115474619381892,23.509479543115702,0.5572071067860818,0.0237013799375771,0.9768473693578273,51.940000000000005,43.96000000000001,11.285424227737296,True,True,True,True,True,[],True,False,False,True
N021_nonuniform_ring_011,21,nonuniform_ring,"{""points_per_ring"": [4, 7, 10], ""ring_offsets"": [0.0, 0.4487989505128276, 0.3141592653589793], ""ring_radii"": [20.0, 36.0, 51.94]}",21,16.0,18.03179119877049,2.330413461434097,0.12923915520899543,0.8855520067535416,51.940000000000005,40.54285714285716,12.211328519767497,True,True,True,True,True,[],True,False,False,False
N021_sector_012,21,sector,"{""angular_offset"": 0.1121997376282069, ""inner_radius"": 24.0, ""num_sectors"": 7, ""outer_radius"": 51.94, ""points_per_sector"": 3, ""radial_levels"": 3, ""sector_angle"": 0.4487989505128276}",21,13.969999999999995,13.97,3.1965023014011157e-15,2.2881190418046638e-16,0.9999999999999998,51.940000000000005,37.970000000000006,11.406457235560332,True,True,True,True,True,[],False,False,False,False
N021_radial_spoke_013,21,radial_spoke,"{""angular_offset"": 0.2243994752564138, ""inner_radius"": 16.0, ""num_spokes"": 7, ""outer_radius"": 51.94, ""points_per_spoke"": 3}",21,13.884279651761858,16.608093217253955,1.9260270428473676,0.1159691854840049,0.8960820899067137,51.940000000000005,33.970000000000006,14.672443559271237,True,True,True,True,True,[],False,True,False,False
N021_deterministic_irregular_014,21,deterministic_irregular,"{""inner_radius"": 0.0, ""outer_radius"": 51.94}",21,17.52311961130753,18.80774119569928,0.46717247606215856,0.024839371788515772,0.9757626683046271,51.31794163188282,34.65707614712435,12.156022085058268,True,True,True,True,True,[],False,False,False,False
N022_rectangular_001,22,rectangular,"{""spacing"": 8.0}",22,8.0,8.0,0.0,0.0,1.0,22.627416997969522,13.95411825244978,5.135512913775708,True,True,True,True,True,[],False,False,False,False
N022_rectangular_002,22,rectangular,"{""spacing"": 10.0}",22,10.0,10.0,0.0,0.0,1.0,28.284271247461902,17.44264781556222,6.419391142219635,True,True,True,True,True,[],False,False,False,False
N022_rectangular_003,22,rectangular,"{""spacing"": 14.0}",22,14.0,14.0,0.0,0.0,1.0,39.59797974644666,24.419706941787105,8.987147599107491,True,True,True,True,True,[],False,False,False,False
N022_rectangular_004,22,rectangular,"{""spacing"": 18.0}",22,18.0,18.0,0.0,0.0,1.0,50.91168824543142,31.396766068012003,11.554904055995344,True,True,True,True,True,[],False,False,False,False
N022_hexagonal_005,22,hexagonal,"{""spacing"": 8.0}",22,7.999999999999999,7.999999999999999,5.680808259949822e-16,7.101010324937278e-17,1.0,21.166010488516726,13.210748646766195,5.118924976910473,True,True,True,True,True,[],False,False,False,False
N022_hexagonal_006,22,hexagonal,"{""spacing"": 10.0}",22,10.0,10.0,0.0,0.0,1.0,26.457513110645905,16.513435808457743,6.398656221138091,True,True,True,True,True,[],False,False,False,False
N022_hexagonal_007,22,hexagonal,"{""spacing"": 12.0}",22,12.0,12.0,0.0,0.0,1.0,31.74901573277509,19.816122970149294,7.6783874653657085,True,True,True,True,True,[],False,False,False,False
N022_hexagonal_008,22,hexagonal,"{""spacing"": 16.0}",22,15.999999999999998,15.999999999999998,1.1361616519899644e-15,7.101010324937278e-17,1.0,42.33202097703345,26.42149729353239,10.237849953820946,True,True,True,True,True,[],False,False,False,False
N022_ring_009,22,ring,"{""points_per_ring"": [22], ""ring_radii"": [51.94]}",22,14.783665399828827,14.783665399828855,1.3195571839469539e-14,8.925778203572098e-16,0.9999999999999991,51.940000000000005,51.940000000000005,1.0162138749112078e-14,True,True,True,True,True,[],True,True,True,False
N022_staggered_ring_010,22,staggered_ring,"{""delta_theta"": 0.20943951023931953, ""points_per_ring"": [7, 15], ""ring_radii"": [28.0, 51.94]}",22,21.59786644214882,22.416429573218934,1.2007432311874597,0.053565320349766854,0.9491580452439494,51.940000000000005,44.32272727272728,11.15054551532149,True,True,True,True,True,[],True,False,False,True
N022_nonuniform_ring_011,22,nonuniform_ring,"{""points_per_ring"": [4, 7, 11], ""ring_offsets"": [0.0, 0.4487989505128276, 0.28559933214452665], ""ring_radii"": [20.0, 36.0, 51.94]}",22,15.939999999999998,18.33627676576091,2.3241379690643487,0.12675081199713242,0.8875076808043562,51.940000000000005,41.0609090909091,12.16447506960363,True,True,True,True,True,[],True,False,False,False
N022_sector_012,22,sector,"{""angular_offset"": 0.07139983303613166, ""inner_radius"": 29.512031569995536, ""num_sectors"": 11, ""outer_radius"": 51.94, ""points_per_sector"": 2, ""radial_levels"": 2, ""sector_angle"": 0.28559933214452665}",22,16.629000223599654,19.528484326802058,2.8994841032024,0.14847461045519927,0.8707201629852739,51.94,40.72601578499777,11.213984215002231,True,True,True,True,True,[],False,False,False,False
N022_radial_spoke_013,22,radial_spoke,"{""angular_offset"": 0.14279966607226333, ""inner_radius"": 16.0, ""num_spokes"": 11, ""outer_radius"": 51.94, ""points_per_spoke"": 2}",22,9.015441818925744,19.140909911806727,10.125468092880979,0.5289961730939063,0.6540238737004236,51.940000000000005,33.97,17.97,True,True,True,True,True,[],False,True,False,False
N022_deterministic_irregular_014,22,deterministic_irregular,"{""inner_radius"": 0.0, ""outer_radius"": 51.94}",22,17.120235421007717,18.411042868853755,0.47503308541649863,0.02580153057055336,0.9748474438752275,51.34638050446292,34.65507911580108,12.161714166907881,True,True,True,True,True,[],False,False,False,False
N023_rectangular_001,23,rectangular,"{""spacing"": 8.0}",23,8.0,8.0,0.0,0.0,1.0,22.627416997969522,14.33121819790716,5.324970929381431,True,True,True,True,True,[],False,True,False,False
N023_rectangular_002,23,rectangular,"{""spacing"": 10.0}",23,10.0,10.0,0.0,0.0,1.0,28.284271247461902,17.914022747383946,6.656213661726788,True,True,True,True,True,[],False,True,False,False
N023_rectangular_003,23,rectangular,"{""spacing"": 14.0}",23,14.0,14.0,0.0,0.0,1.0,39.59797974644666,25.07963184633752,9.318699126417503,True,True,True,True,True,[],False,True,False,False
N023_rectangular_004,23,rectangular,"{""spacing"": 18.0}",23,18.0,18.0,0.0,0.0,1.0,50.91168824543142,32.24524094529111,11.981184591108216,True,True,True,True,True,[],False,True,False,False
N023_hexagonal_005,23,hexagonal,"{""spacing"": 8.0}",23,7.999999999999999,7.999999999999999,2.619095272303034e-16,3.273869090378793e-17,1.0,21.166010488516726,13.556629596407523,5.262704139068892,True,True,True,True,True,[],False,False,False,False
N023_hexagonal_006,23,hexagonal,"{""spacing"": 10.0}",23,10.0,10.0,0.0,0.0,1.0,26.457513110645905,16.9457869955094,6.578380173836115,True,True,True,True,True,[],False,False,False,False
N023_hexagonal_007,23,hexagonal,"{""spacing"": 12.0}",23,12.0,12.0,0.0,0.0,1.0,31.74901573277509,20.334944394611284,7.894056208603337,True,True,True,True,True,[],False,False,False,False
N023_hexagonal_008,23,hexagonal,"{""spacing"": 16.0}",23,15.999999999999998,15.999999999999998,5.238190544606068e-16,3.273869090378793e-17,1.0,42.33202097703345,27.113259192815047,10.525408278137784,True,True,True,True,True,[],False,False,False,False
N023_ring_009,23,ring,"{""points_per_ring"": [23], ""ring_radii"": [51.94]}",23,14.144991508118043,14.144991508118082,1.882836241276116e-14,1.3310974702215413e-15,0.9999999999999987,51.940000000000005,51.94000000000001,1.4210854715202004e-14,True,True,True,True,True,[],True,False,False,False
N023_staggered_ring_010,23,staggered_ring,"{""delta_theta"": 0.20943951023931953, ""points_per_ring"": [8, 15], ""ring_radii"": [28.0, 51.94]}",23,21.430272212445026,21.539572797034463,0.0798218609708485,0.003705823774826131,0.9963078586503673,51.940000000000005,43.61304347826088,11.402154805803194,True,True,True,True,True,[],True,False,False,True
N023_nonuniform_ring_011,23,nonuniform_ring,"{""points_per_ring"": [4, 7, 12], ""ring_offsets"": [0.0, 0.4487989505128276, 0.2617993877991494], ""ring_radii"": [20.0, 36.0, 51.94]}",23,16.0,18.177504545073315,2.400639496432074,0.1320665050848646,0.883340329837809,51.940000000000005,41.53391304347828,12.102185838905099,True,True,True,True,True,[],True,False,False,False
N023_deterministic_irregular_012,23,deterministic_irregular,"{""inner_radius"": 0.0, ""outer_radius"": 51.94}",23,16.743920556891037,18.04814498473832,0.49485482724633556,0.027418597737595158,0.9733131191142815,51.372332682265764,34.65329238220704,12.166804308168654,True,True,True,True,True,[],False,False,False,False
N024_rectangular_001,24,rectangular,"{""spacing"": 8.0}",24,8.0,8.0,0.0,0.0,1.0,22.627416997969522,14.676893147909757,5.47011342278869,True,True,True,True,True,[],False,False,False,False
N024_rectangular_002,24,rectangular,"{""spacing"": 10.0}",24,10.0,10.0,0.0,0.0,1.0,28.284271247461902,18.346116434887193,6.837641778485861,True,True,True,True,True,[],False,False,False,False
N024_rectangular_003,24,rectangular,"{""spacing"": 14.0}",24,14.0,14.0,0.0,0.0,1.0,39.59797974644666,25.684563008842076,9.572698489880205,True,True,True,True,True,[],False,False,False,False
N024_rectangular_004,24,rectangular,"{""spacing"": 18.0}",24,18.0,18.0,0.0,0.0,1.0,50.91168824543142,33.02300958279695,12.30775520127455,True,True,True,True,True,[],False,False,False,False
N024_hexagonal_005,24,hexagonal,"{""spacing"": 8.0}",24,7.999999999999999,8.0,8.503660955450859e-16,1.0629576194313574e-16,1.0,21.166010488516726,13.87368713357874,5.371604848916672,True,True,True,True,True,[],False,False,False,False
N024_hexagonal_006,24,hexagonal,"{""spacing"": 10.0}",24,10.0,10.0,0.0,0.0,1.0,26.457513110645905,17.342108916973427,6.714506061145838,True,True,True,True,True,[],False,False,False,False
N024_hexagonal_007,24,hexagonal,"{""spacing"": 12.0}",24,12.0,12.0,0.0,0.0,1.0,31.74901573277509,20.81053070036811,8.057407273375006,True,True,True,True,True,[],False,False,False,False
N024_hexagonal_008,24,hexagonal,"{""spacing"": 16.0}",24,15.999999999999998,16.0,1.7007321910901718e-15,1.0629576194313574e-16,1.0,42.33202097703345,27.74737426715748,10.743209697833343,True,True,True,True,True,[],False,False,False,False
N024_ring_009,24,ring,"{""points_per_ring"": [24], ""ring_radii"": [51.94]}",24,13.559060847818941,13.55906084781895,8.244605185607364e-15,6.080513450113733e-16,0.9999999999999993,51.940000000000005,51.94,4.351167857633658e-15,True,True,True,True,True,[],True,True,True,False
N024_staggered_ring_010,24,staggered_ring,"{""delta_theta"": 0.19634954084936207, ""points_per_ring"": [8, 16], ""ring_radii"": [28.0, 51.94]}",24,20.265982651035376,20.65407917150527,0.5488513627583101,0.026573509194034423,0.9741143630182924,51.940000000000005,43.96,11.285424227737298,True,True,True,True,True,[],True,True,True,True
N024_nonuniform_ring_011,24,nonuniform_ring,"{""points_per_ring"": [4, 8, 12], ""ring_offsets"": [0.0, 0.39269908169872414, 0.2617993877991494], ""ring_radii"": [20.0, 36.0, 51.94]}",24,16.913813313903773,18.331209877781262,2.3263724555876104,0.12690774210202788,0.8873840889003867,51.940000000000005,41.303333333333335,11.898870628014333,True,True,True,True,True,[],True,True,True,False
N024_sector_012,24,sector,"{""angular_offset"": 0.19634954084936207, ""inner_radius"": 24.0, ""num_sectors"": 4, ""outer_radius"": 51.94, ""points_per_sector"": 6, ""radial_levels"": 3, ""sector_angle"": 0.7853981633974483}",24,13.969999999999995,13.969999999999999,2.538181250286301e-15,1.8168799214647824e-16,0.9999999999999998,51.940000000000005,37.97,11.406457235560332,True,True,True,True,True,[],False,False,True,False
N024_sector_013,24,sector,"{""angular_offset"": 0.1308996938995747, ""inner_radius"": 24.0, ""num_sectors"": 6, ""outer_radius"": 51.94, ""points_per_sector"": 4, ""radial_levels"": 3, ""sector_angle"": 0.5235987755982988}",24,12.423314164920981,13.196657082460495,0.7733429175395052,0.05860142555097118,0.9446425971696846,51.940000000000005,34.4775,11.583312080316233,True,True,True,True,True,[],False,False,True,False
N024_radial_spoke_014,24,radial_spoke,"{""angular_offset"": 0.2617993877991494, ""inner_radius"": 16.0, ""num_spokes"": 6, ""outer_radius"": 51.94, ""points_per_spoke"": 4}",24,11.979999999999995,11.979999999999999,3.4014643821803436e-15,2.8392857948083005e-16,0.9999999999999998,51.940000000000005,33.97,13.39404718522374,True,True,True,True,True,[],False,False,True,False
N024_sector_015,24,sector,"{""angular_offset"": 0.09817477042468103, ""inner_radius"": 24.0, ""num_sectors"": 8, ""outer_radius"": 51.94, ""points_per_sector"": 3, ""radial_levels"": 3, ""sector_angle"": 0.39269908169872414}",24,13.969999999999997,13.969999999999999,2.563950248511419e-15,1.8353258758134711e-16,0.9999999999999998,51.940000000000005,37.97,11.406457235560334,True,True,True,True,True,[],False,False,True,False
N024_radial_spoke_016,24,radial_spoke,"{""angular_offset"": 0.19634954084936207, ""inner_radius"": 16.0, ""num_spokes"": 8, ""outer_radius"": 51.94, ""points_per_spoke"": 3}",24,12.245869835682871,16.06195661189429,2.698380837055404,0.16799826461099915,0.8561656556339569,51.940000000000005,33.97,14.672443559271235,True,True,True,True,True,[],False,False,True,False
N024_sector_017,24,sector,"{""angular_offset"": 0.06544984694978735, ""inner_radius"": 32.17744981726964, ""num_sectors"": 12, ""outer_radius"": 51.94, ""points_per_sector"": 2, ""radial_levels"": 2, ""sector_angle"": 0.2617993877991494}",24,16.65627367108,18.209411926905187,1.5531382558251725,0.08529315839850622,0.921410028490028,51.94,42.058724908634815,9.881275091365179,True,True,True,True,True,[],False,False,True,False
N024_radial_spoke_018,24,radial_spoke,"{""angular_offset"": 0.1308996938995747, ""inner_radius"": 16.227553881656352, ""num_spokes"": 12, ""outer_radius"": 51.94, ""points_per_spoke"": 2}",24,8.399999999999991,17.64306120262492,9.243061202624924,0.5238921464065288,0.656214419345941,51.940000000000005,34.08377694082818,17.856223059171825,True,True,True,True,True,[],False,False,True,False
N024_deterministic_irregular_019,24,deterministic_irregular,"{""inner_radius"": 0.0, ""outer_radius"": 51.94}",24,16.391377483243037,17.715449730233654,0.5257140764327447,0.029675457549098918,0.9711797952145675,51.39611066672911,34.65168612871747,12.171378247217882,True,True,True,True,True,[],False,False,False,False
N025_rectangular_001,25,rectangular,"{""spacing"": 8.0}",25,8.0,8.0,0.0,0.0,1.0,22.627416997969522,14.994914101912148,5.581447041428974,True,True,True,True,True,[],True,True,True,False
N025_rectangular_002,25,rectangular,"{""spacing"": 10.0}",25,10.0,10.0,0.0,0.0,1.0,28.284271247461902,18.74364262739018,6.976808801786217,True,True,True,True,True,[],True,True,True,False
N025_rectangular_003,25,rectangular,"{""spacing"": 14.0}",25,14.0,14.0,0.0,0.0,1.0,39.59797974644666,26.24109967834626,9.767532322500704,True,True,True,True,True,[],True,True,True,False
N025_rectangular_004,25,rectangular,"{""spacing"": 18.0}",25,18.0,18.0,0.0,0.0,1.0,50.91168824543142,33.738556729302324,12.55825584321519,True,True,True,True,True,[],True,True,True,False
N025_hexagonal_005,25,hexagonal,"{""spacing"": 8.0}",25,7.999999999999999,8.0,8.519108127047871e-16,1.0648885158809839e-16,1.0,21.166010488516726,14.16538006777626,5.453623340078328,True,True,True,True,True,[],False,True,False,False
N025_hexagonal_006,25,hexagonal,"{""spacing"": 10.0}",25,10.0,10.0,0.0,0.0,1.0,26.457513110645905,17.706725084720325,6.817029175097908,True,True,True,True,True,[],False,True,False,False
N025_hexagonal_007,25,hexagonal,"{""spacing"": 12.0}",25,12.0,12.0,0.0,0.0,1.0,31.74901573277509,21.24807010166439,8.180435010117492,True,True,True,True,True,[],False,True,False,False
N025_hexagonal_008,25,hexagonal,"{""spacing"": 16.0}",25,15.999999999999998,16.0,1.7038216254095743e-15,1.0648885158809839e-16,1.0,42.33202097703345,28.33076013555252,10.907246680156655,True,True,True,True,True,[],False,True,False,False
N025_ring_009,25,ring,"{""points_per_ring"": [25], ""ring_radii"": [51.94]}",25,13.019616302659896,13.019616302659916,1.424633755374559e-14,1.0942209987275168e-15,0.9999999999999989,51.940000000000005,51.94,4.922784477141924e-15,True,True,True,True,True,[],True,False,False,False
N025_staggered_ring_010,25,staggered_ring,"{""delta_theta"": 0.18479956785822313, ""points_per_ring"": [8, 17], ""ring_radii"": [28.0, 51.94]}",25,19.08789991078527,19.83745904731642,1.0926608168636696,0.055080684187296815,0.9477948132187406,51.940000000000005,44.2792,11.167439069007719,True,True,True,True,True,[],True,False,False,False
N025_nonuniform_ring_011,25,nonuniform_ring,"{""points_per_ring"": [4, 8, 13], ""ring_offsets"": [0.0, 0.39269908169872414, 0.241660973353061], ""ring_radii"": [20.0, 36.0, 51.94]}",25,15.993426775403133,18.16376274307901,1.9008878261707791,0.1046527557675284,0.9052618524499003,51.940000000000005,41.7288,11.843323965846748,True,True,True,True,True,[],True,False,False,False
N025_sector_012,25,sector,"{""angular_offset"": 0.15707963267948966, ""inner_radius"": 24.0, ""num_sectors"": 5, ""outer_radius"": 51.94, ""points_per_sector"": 5, ""radial_levels"": 3, ""sector_angle"": 0.6283185307179586}",25,13.969999999999995,15.116608266972198,2.293216533944401,0.1517017900738208,0.8682803210160008,51.940000000000005,35.176,10.45419073864639,True,True,True,True,True,[],False,False,False,False
N025_deterministic_irregular_013,25,deterministic_irregular,"{""inner_radius"": 0.0, ""outer_radius"": 51.94}",25,16.060204406116384,17.40794347278341,0.5618861974274639,0.032277574792562345,0.9687316904089014,51.417976700760995,34.65023576912571,12.175506607283383,True,True,True,True,True,[],False,False,False,False
N026_rectangular_001,26,rectangular,"{""spacing"": 8.0}",26,8.0,8.0,0.0,0.0,1.0,23.323807579381203,15.443030488884528,5.460815106472218,True,True,True,True,True,[],False,False,False,False
N026_rectangular_002,26,rectangular,"{""spacing"": 10.0}",26,10.0,10.0,0.0,0.0,1.0,29.154759474226502,19.303788111105664,6.826018883090273,True,True,True,True,True,[],False,False,False,False
N026_rectangular_003,26,rectangular,"{""spacing"": 14.0}",26,14.0,14.0,0.0,0.0,1.0,40.8166632639171,27.025303355547923,9.556426436326383,True,True,True,True,True,[],False,False,False,False
N026_rectangular_004,26,rectangular,"{""spacing"": 18.0}",26,18.0,18.0,0.0,0.0,1.0,52.478567053607705,34.746818599990185,12.286833989562492,True,True,True,True,True,[],False,False,False,False
N026_hexagonal_005,26,hexagonal,"{""spacing"": 8.0}",26,7.999999999999999,8.0,8.533342235766053e-16,1.0666677794707567e-16,1.0,21.166010488516726,14.434635083958586,5.514575302068396,True,True,True,True,True,[],False,False,False,False
N026_hexagonal_006,26,hexagonal,"{""spacing"": 10.0}",26,10.0,10.0,0.0,0.0,1.0,26.457513110645905,18.04329385494823,6.8932191275854935,True,True,True,True,True,[],False,False,False,False
N026_hexagonal_007,26,hexagonal,"{""spacing"": 12.0}",26,12.0,12.0,0.0,0.0,1.0,31.74901573277509,21.651952625937877,8.271862953102595,True,True,True,True,True,[],False,False,False,False
N026_hexagonal_008,26,hexagonal,"{""spacing"": 16.0}",26,15.999999999999998,16.0,1.7066684471532107e-15,1.0666677794707567e-16,1.0,42.33202097703345,28.869270167917172,11.029150604136792,True,True,True,True,True,[],False,False,False,False
N026_ring_009,26,ring,"{""points_per_ring"": [26], ""ring_radii"": [51.94]}",26,12.521350344922904,12.521350344922947,1.8607774068488963e-14,1.4860836535920336e-15,0.9999999999999984,51.940000000000005,51.940000000000005,8.476262382866992e-15,True,True,True,True,True,[],True,True,True,False
N026_staggered_ring_010,26,staggered_ring,"{""delta_theta"": 0.18479956785822313, ""points_per_ring"": [9, 17], ""ring_radii"": [28.0, 51.94]}",26,19.08789991078527,19.110478873826434,0.031031816511823556,0.0016238115599669506,0.9983788209293487,51.940000000000005,43.653076923076924,11.389286385840782,True,True,True,True,True,[],True,False,False,True
N026_nonuniform_ring_011,26,nonuniform_ring,"{""points_per_ring"": [5, 8, 13], ""ring_offsets"": [0.0, 0.39269908169872414, 0.241660973353061], ""ring_radii"": [20.0, 36.0, 51.94]}",26,15.993426775403133,17.823237985857677,1.9078830052247109,0.10704469113516699,0.903305899037009,51.940000000000005,40.89307692307692,12.342218903245124,True,True,True,True,True,[],True,False,False,False
N026_sector_012,26,sector,"{""angular_offset"": 0.06041524333826525, ""inner_radius"": 34.84416520434677, ""num_sectors"": 13, ""outer_radius"": 51.94, ""points_per_sector"": 2, ""radial_levels"": 2, ""sector_angle"": 0.241660973353061}",26,16.677509084847266,16.88667194025026,0.20916285540296434,0.012386268658681868,0.9877652739451982,51.940000000000005,43.392082602173396,8.547917397826613,True,True,True,True,True,[],False,False,False,False
N026_radial_spoke_013,26,radial_spoke,"{""angular_offset"": 0.1208304866765305, ""inner_radius"": 17.550042169213587, ""num_spokes"": 13, ""outer_radius"": 51.94, ""points_per_spoke"": 2}",26,8.399999999999977,16.630055603095737,8.230055603095744,0.494890444116356,0.6689453424067539,51.940000000000005,34.7450210846068,17.194978915393204,True,True,True,True,True,[],False,True,False,False
N026_deterministic_irregular_014,26,deterministic_irregular,"{""inner_radius"": 0.0, ""outer_radius"": 51.94}",26,15.748326088283893,17.106011313886547,0.56965835777619,0.03330164743394885,0.9677716110134454,51.4381524820753,34.648920867905765,12.179248034653238,True,True,True,True,True,[],False,False,False,False
N027_rectangular_001,27,rectangular,"{""spacing"": 8.0}",27,8.0,8.0,0.0,0.0,1.0,23.323807579381203,15.734911121865887,5.561572664768458,True,True,True,True,True,[],False,False,False,False
N027_rectangular_002,27,rectangular,"{""spacing"": 10.0}",27,10.0,10.0,0.0,0.0,1.0,29.154759474226502,19.668638902332358,6.951965830960574,True,True,True,True,True,[],False,False,False,False
N027_rectangular_003,27,rectangular,"{""spacing"": 14.0}",27,14.0,14.0,0.0,0.0,1.0,40.8166632639171,27.5360944632653,9.732752163344802,True,True,True,True,True,[],False,False,False,False
N027_rectangular_004,27,rectangular,"{""spacing"": 18.0}",27,18.0,18.0,0.0,0.0,1.0,52.478567053607705,35.40355002419824,12.513538495729033,True,True,True,True,True,[],False,False,False,False
N027_hexagonal_005,27,hexagonal,"{""spacing"": 8.0}",27,7.999999999999999,8.0,8.546500828371395e-16,1.0683126035464244e-16,1.0,21.166010488516726,14.683945284127406,5.558801076785452,True,True,True,True,True,[],False,False,False,False
N027_hexagonal_006,27,hexagonal,"{""spacing"": 10.0}",27,10.0,10.0,0.0,0.0,1.0,26.457513110645905,18.354931605159255,6.948501345981815,True,True,True,True,True,[],False,False,False,False
N027_hexagonal_007,27,hexagonal,"{""spacing"": 12.0}",27,12.0,12.0,0.0,0.0,1.0,31.74901573277509,22.02591792619111,8.338201615178178,True,True,True,True,True,[],False,False,False,False
N027_hexagonal_008,27,hexagonal,"{""spacing"": 16.0}",27,15.999999999999998,16.0,1.709300165674279e-15,1.0683126035464244e-16,1.0,42.33202097703345,29.36789056825481,11.117602153570903,True,True,True,True,True,[],False,False,False,False
N027_ring_009,27,ring,"{""points_per_ring"": [27], ""ring_radii"": [51.94]}",27,12.059731919328874,12.059731919328904,1.3810468371496399e-14,1.1451720870645123e-15,0.9999999999999989,51.940000000000005,51.940000000000005,9.473903143468002e-15,True,True,True,True,True,[],True,False,False,False
N027_staggered_ring_010,27,staggered_ring,"{""delta_theta"": 0.17453292519943295, ""points_per_ring"": [9, 18], ""ring_radii"": [28.0, 51.94]}",27,18.0385726960407,18.410091139439626,0.5254064213264796,0.028539045100157617,0.972252832562736,51.940000000000005,43.96,11.285424227737298,True,True,True,True,True,[],True,False,False,True
N027_nonuniform_ring_011,27,nonuniform_ring,"{""points_per_ring"": [5, 9, 13], ""ring_offsets"": [0.0, 0.3490658503988659, 0.241660973353061], ""ring_radii"": [20.0, 36.0, 51.94]}",27,15.939999999999998,17.289732110060868,1.5208327351258457,0.08796161360076109,0.9191500761597279,51.940000000000005,40.711851851851854,12.146703572647017,True,True,True,True,True,[],True,False,False,False
N027_sector_012,27,sector,"{""angular_offset"": 0.08726646259971647, ""inner_radius"": 24.186836029203263, ""num_sectors"": 9, ""outer_radius"": 51.94, ""points_per_sector"": 3, ""radial_levels"": 3, ""sector_angle"": 0.3490658503988659}",27,13.876581985398364,13.876581985398367,1.9638363766907457e-15,1.4152162101281083e-16,0.9999999999999998,51.940000000000005,38.06341801460163,11.330181746041044,True,True,True,True,True,[],False,False,False,False
N027_radial_spoke_013,27,radial_spoke,"{""angular_offset"": 0.17453292519943295, ""inner_radius"": 16.0, ""num_spokes"": 9, ""outer_radius"": 51.94, ""points_per_spoke"": 3}",27,10.944644586421395,15.628214862140466,3.3117843021247007,0.21191059448174962,0.8251433765439032,51.940000000000005,33.97,14.672443559271237,True,True,True,True,True,[],False,True,False,False
N027_deterministic_irregular_014,27,deterministic_irregular,"{""inner_radius"": 0.0, ""outer_radius"": 51.94}",27,15.453938895186177,16.811486479311455,0.5634571347259588,0.03351619949963141,0.9675707071491884,51.45682670758871,34.647724313956665,12.182651594134034,True,True,True,True,True,[],False,False,False,False
N028_rectangular_001,28,rectangular,"{""spacing"": 8.0}",28,8.0,8.0,0.0,0.0,1.0,23.323807579381203,16.00594313820572,5.640016334774682,True,True,True,True,True,[],False,True,False,False
N028_rectangular_002,28,rectangular,"{""spacing"": 10.0}",28,10.0,10.0,0.0,0.0,1.0,29.154759474226502,20.00742892275715,7.050020418468353,True,True,True,True,True,[],False,True,False,False
N028_rectangular_003,28,rectangular,"{""spacing"": 14.0}",28,14.0,14.0,0.0,0.0,1.0,40.8166632639171,28.010400491860008,9.870028585855696,True,True,True,True,True,[],False,True,False,False
N028_rectangular_004,28,rectangular,"{""spacing"": 18.0}",28,18.0,18.0,0.0,0.0,1.0,52.478567053607705,36.01337206096286,12.690036753243035,True,True,True,True,True,[],False,True,False,False
N028_hexagonal_005,28,hexagonal,"{""spacing"": 8.0}",28,7.999999999999999,8.0,9.038996122241149e-16,1.1298745152801436e-16,0.9999999999999998,21.166010488516726,14.915447612855598,5.58960716172846,True,True,True,True,True,[],False,False,False,False
N028_hexagonal_006,28,hexagonal,"{""spacing"": 10.0}",28,10.0,10.0,0.0,0.0,1.0,26.457513110645905,18.64430951606949,6.987008952160573,True,True,True,True,True,[],False,False,False,False
N028_hexagonal_007,28,hexagonal,"{""spacing"": 12.0}",28,12.0,12.0,0.0,0.0,1.0,31.74901573277509,22.37317141928339,8.384410742592687,True,True,True,True,True,[],False,False,False,False
N028_hexagonal_008,28,hexagonal,"{""spacing"": 16.0}",28,15.999999999999998,16.0,1.8077992244482297e-15,1.1298745152801436e-16,0.9999999999999998,42.33202097703345,29.830895225711195,11.17921432345692,True,True,True,True,True,[],False,False,False,False
N028_ring_009,28,ring,"{""points_per_ring"": [28], ""ring_radii"": [51.94]}",28,11.630869777611572,11.630869777611608,1.8660807657964886e-14,1.604420650799933e-15,0.9999999999999984,51.940000000000005,51.940000000000005,8.385780522986612e-15,True,True,True,True,True,[],True,True,True,False
N028_staggered_ring_010,28,staggered_ring,"{""delta_theta"": 0.16534698176788384, ""points_per_ring"": [9, 19], ""ring_radii"": [28.0, 51.94]}",28,17.098086038362588,17.758635248750956,0.9597557517727807,0.05404445433611148,0.9487265891739346,51.940000000000005,44.245000000000005,11.180575790181827,True,True,True,True,True,[],True,False,False,False
N028_nonuniform_ring_011,28,nonuniform_ring,"{""points_per_ring"": [5, 9, 14], ""ring_offsets"": [0.0, 0.3490658503988659, 0.2243994752564138], ""ring_radii"": [20.0, 36.0, 51.94]}",28,15.976418868294207,17.480539989162924,1.5224842226151278,0.08709594918457858,0.9198820037459357,51.940000000000005,41.112857142857145,12.108458925520637,True,True,True,True,True,[],True,False,False,False
N028_sector_012,28,sector,"{""angular_offset"": 0.1121997376282069, ""inner_radius"": 24.0, ""num_sectors"": 7, ""outer_radius"": 51.94, ""points_per_sector"": 4, ""radial_levels"": 3, ""sector_angle"": 0.4487989505128276}",28,10.681004829903088,12.325502414951545,1.6444975850484553,0.13342235713276765,0.8822836374338971,51.940000000000005,34.477500000000006,11.583312080316233,True,True,True,True,True,[],False,False,False,False
N028_radial_spoke_013,28,radial_spoke,"{""angular_offset"": 0.2243994752564138, ""inner_radius"": 16.0, ""num_spokes"": 7, ""outer_radius"": 51.94, ""points_per_spoke"": 4}",28,11.979999999999997,11.980000000000002,4.440892098500626e-15,3.7069216181140447e-16,0.9999999999999996,51.940000000000005,33.970000000000006,13.394047185223739,True,True,True,True,True,[],False,True,False,False
N028_sector_014,28,sector,"{""angular_offset"": 0.05609986881410345, ""inner_radius"": 37.51189793559813, ""num_sectors"": 14, ""outer_radius"": 51.94, ""points_per_sector"": 2, ""radial_levels"": 2, ""sector_angle"": 0.2243994752564138}",28,14.428102064401864,14.428102064401868,4.165926057296536e-15,2.8873694119305074e-16,0.9999999999999998,51.940000000000005,44.72594896779908,7.214051032200934,True,True,True,True,True,[],False,False,True,False
N028_radial_spoke_015,28,radial_spoke,"{""angular_offset"": 0.1121997376282069, ""inner_radius"": 18.874628671226723, ""num_spokes"": 14, ""outer_radius"": 51.94, ""points_per_spoke"": 2}",28,8.399999999999983,15.757737309690965,7.357737309690966,0.46692854215598445,0.6816964639124637,51.940000000000005,35.40731433561335,16.532685664386637,True,True,True,True,True,[],False,False,True,False
N028_deterministic_irregular_016,28,deterministic_irregular,"{""inner_radius"": 0.0, ""outer_radius"": 51.94}",28,15.17546673694562,16.525550624330375,0.5504663557689533,0.033310016003854546,0.9677637732258947,51.47416099364806,34.6466316820694,12.185758617625119,True,True,True,True,True,[],False,False,False,False
N029_rectangular_001,29,rectangular,"{""spacing"": 8.0}",29,8.0,8.0,0.0,0.0,1.0,23.323807579381203,16.258283291349702,5.700509681170244,True,True,True,True,True,[],False,False,False,False
N029_rectangular_002,29,rectangular,"{""spacing"": 10.0}",29,10.0,10.0,0.0,0.0,1.0,29.154759474226502,20.322854114187127,7.125637101462803,True,True,True,True,True,[],False,False,False,False
N029_rectangular_003,29,rectangular,"{""spacing"": 14.0}",29,14.0,14.0,0.0,0.0,1.0,40.8166632639171,28.45199575986198,9.975891942047925,True,True,True,True,True,[],False,False,False,False
N029_rectangular_004,29,rectangular,"{""spacing"": 18.0}",29,18.0,18.0,0.0,0.0,1.0,52.478567053607705,36.58113740553682,12.826146782633046,True,True,True,True,True,[],False,False,False,False
N029_hexagonal_005,29,hexagonal,"{""spacing"": 8.0}",29,7.999999999999999,8.0,8.246529600388713e-16,1.0308162000485891e-16,1.0,21.166010488516726,15.130984263740464,5.6095550905474525,True,True,True,True,True,[],False,False,False,False
N029_hexagonal_006,29,hexagonal,"{""spacing"": 10.0}",29,10.0,10.0,0.0,0.0,1.0,26.457513110645905,18.913730329675573,7.011943863184316,True,True,True,True,True,[],False,False,False,False
N029_hexagonal_007,29,hexagonal,"{""spacing"": 12.0}",29,12.0,12.0,0.0,0.0,1.0,31.74901573277509,22.69647639561069,8.414332635821177,True,True,True,True,True,[],False,False,False,False
N029_hexagonal_008,29,hexagonal,"{""spacing"": 16.0}",29,15.999999999999998,16.0,1.6493059200777426e-15,1.0308162000485891e-16,1.0,42.33202097703345,30.261968527480928,11.219110181094905,True,True,True,True,True,[],False,False,False,False
N029_ring_009,29,ring,"{""points_per_ring"": [29], ""ring_radii"": [51.94]}",29,11.231403633879028,11.231403633879061,1.5098132318558226e-14,1.3442783120192866e-15,0.9999999999999987,51.940000000000005,51.940000000000005,8.550979200298279e-15,True,True,True,True,True,[],True,False,False,False
N029_staggered_ring_010,29,staggered_ring,"{""delta_theta"": 0.16534698176788384, ""points_per_ring"": [10, 19], ""ring_radii"": [28.0, 51.94]}",29,17.098086038362588,17.1694190199607,0.09832572959798802,0.005726794219634177,0.9943058152049358,51.940000000000005,43.6848275862069,11.378969900863442,True,True,True,True,True,[],True,False,False,False
N029_nonuniform_ring_011,29,nonuniform_ring,"{""points_per_ring"": [5, 9, 15], ""ring_offsets"": [0.0, 0.3490658503988659, 0.20943951023931953], ""ring_radii"": [20.0, 36.0, 51.94]}",29,15.939999999999998,17.337227946587724,1.4621588391659384,0.08433636817088266,0.9222230567502354,51.940000000000005,41.48620689655173,12.060763518403345,True,True,True,True,True,[],True,False,False,False
N029_deterministic_irregular_012,29,deterministic_irregular,"{""inner_radius"": 0.0, ""outer_radius"": 51.94}",29,14.911525441931802,16.248920456856233,0.5345442138514752,0.032897214019281154,0.9681505443399646,51.490294565896185,34.64563073454258,12.188604145090556,True,True,True,True,True,[],False,False,False,False
N030_rectangular_001,30,rectangular,"{""spacing"": 8.0}",30,8.0,8.0,0.0,0.0,1.0,23.323807579381203,16.49380076761742,5.746407826182348,True,True,True,True,True,[],False,False,False,False
N030_rectangular_002,30,rectangular,"{""spacing"": 10.0}",30,10.0,10.0,0.0,0.0,1.0,29.154759474226502,20.61725095952177,7.183009782727935,True,True,True,True,True,[],False,False,False,False
N030_rectangular_003,30,rectangular,"{""spacing"": 14.0}",30,14.0,14.0,0.0,0.0,1.0,40.8166632639171,28.864151343330484,10.056213695819109,True,True,True,True,True,[],False,False,False,False
N030_rectangular_004,30,rectangular,"{""spacing"": 18.0}",30,18.0,18.0,0.0,0.0,1.0,52.478567053607705,37.111051727139184,12.929417608910281,True,True,True,True,True,[],False,False,False,False
N030_hexagonal_005,30,hexagonal,"{""spacing"": 8.0}",30,7.999999999999999,8.0,8.268491102925271e-16,1.0335613878656588e-16,1.0,21.166010488516726,15.33215180456634,5.620657231000651,True,True,True,True,True,[],False,False,False,False
N030_hexagonal_006,30,hexagonal,"{""spacing"": 10.0}",30,10.0,10.0,0.0,0.0,1.0,26.457513110645905,19.165189755707917,7.025821538750814,True,True,True,True,True,[],False,False,False,False
N030_hexagonal_007,30,hexagonal,"{""spacing"": 12.0}",30,12.0,12.0,0.0,0.0,1.0,31.74901573277509,22.998227706849505,8.43098584650098,True,True,True,True,True,[],False,False,False,False
N030_hexagonal_008,30,hexagonal,"{""spacing"": 16.0}",30,15.999999999999998,16.0,1.6536982205850541e-15,1.0335613878656588e-16,1.0,42.33202097703345,30.66430360913268,11.241314462001302,True,True,True,True,True,[],False,False,False,False
N030_ring_009,30,ring,"{""points_per_ring"": [30], ""ring_radii"": [51.94]}",30,10.85841676424381,10.858416764243835,1.492562627277039e-14,1.374567452772641e-15,0.9999999999999987,51.940000000000005,51.94000000000001,1.4960819969998582e-14,True,True,True,True,True,[],True,True,True,False
N030_staggered_ring_010,30,staggered_ring,"{""delta_theta"": 0.15707963267948966, ""points_per_ring"": [10, 20], ""ring_radii"": [28.0, 51.94]}",30,16.250412228379158,16.601925380585133,0.4971146672021847,0.02994319368424146,0.9709273347619002,51.940000000000005,43.96000000000001,11.285424227737296,True,True,True,True,True,[],True,True,True,False
N030_nonuniform_ring_011,30,nonuniform_ring,"{""points_per_ring"": [5, 10, 15], ""ring_offsets"": [0.0, 0.3141592653589793, 0.20943951023931953], ""ring_radii"": [20.0, 36.0, 51.94]}",30,16.570152634456186,17.542777112796173,1.6010852578563137,0.09126749131917312,0.9163656096738987,51.940000000000005,41.30333333333335,11.898870628014333,True,True,True,True,True,[],True,False,False,False
N030_sector_012,30,sector,"{""angular_offset"": 0.15707963267948966, ""inner_radius"": 24.0, ""num_sectors"": 5, ""outer_radius"": 51.94, ""points_per_sector"": 6, ""radial_levels"": 3, ""sector_angle"": 0.6283185307179586}",30,13.969999999999995,13.969999999999997,2.223404672880087e-15,1.5915566735004205e-16,0.9999999999999998,51.94,37.970000000000006,11.406457235560332,True,True,True,True,True,[],False,False,True,False
N030_sector_013,30,sector,"{""angular_offset"": 0.1308996938995747, ""inner_radius"": 24.0, ""num_sectors"": 6, ""outer_radius"": 51.94, ""points_per_sector"": 5, ""radial_levels"": 3, ""sector_angle"": 0.5235987755982988}",30,12.423314164920981,14.188085738011313,2.1000406021494036,0.14801437212373075,0.8710692342205467,51.940000000000005,35.176,10.45419073864639,True,True,True,True,True,[],False,False,True,False
N030_sector_014,30,sector,"{""angular_offset"": 0.07853981633974483, ""inner_radius"": 26.84830353029858, ""num_sectors"": 10, ""outer_radius"": 51.94, ""points_per_sector"": 3, ""radial_levels"": 3, ""sector_angle"": 0.3141592653589793}",30,12.545848234850705,12.545848234850713,4.5288390936029406e-15,3.6098309248014194e-16,0.9999999999999996,51.940000000000005,39.394151765149296,10.243642188593752,True,True,True,True,True,[],False,False,True,False
N030_radial_spoke_015,30,radial_spoke,"{""angular_offset"": 0.15707963267948966, ""inner_radius"": 16.0, ""num_spokes"": 10, ""outer_radius"": 51.94, ""points_per_spoke"": 3}",30,9.888543819998317,15.276181273332774,3.8096349778274137,0.2493839860671065,0.8003944433031082,51.940000000000005,33.970000000000006,14.672443559271237,True,True,True,True,True,[],False,False,True,False
N030_sector_016,30,sector,"{""angular_offset"": 0.05235987755982988, ""inner_radius"": 40.18044338072364, ""num_sectors"": 15, ""outer_radius"": 51.94, ""points_per_sector"": 2, ""radial_levels"": 2, ""sector_angle"": 0.20943951023931953}",30,11.759556619276356,11.759556619276356,4.203627514058621e-15,3.5746479651860366e-16,0.9999999999999996,51.940000000000005,46.060221690361814,5.879778309638181,True,True,True,True,True,[],False,False,False,False
N030_radial_spoke_017,30,radial_spoke,"{""angular_offset"": 0.10471975511965977, ""inner_radius"": 20.200884247925355, ""num_spokes"": 15, ""outer_radius"": 51.94, ""points_per_spoke"": 2}",30,8.399999999999988,14.998933221074415,6.598933221074415,0.4399601707541782,0.6944636527524581,51.940000000000005,36.07044212396268,15.86955787603732,True,True,True,True,True,[],False,True,False,False
N030_deterministic_irregular_018,30,deterministic_irregular,"{""inner_radius"": 0.0, ""outer_radius"": 51.94}",30,14.660893718956336,15.981980295896767,0.5177933686584203,0.032398573835769225,0.9686181532434748,51.50534800710828,34.644711028595445,12.191218058303969,True,True,True,True,True,[],False,False,False,False
N031_rectangular_001,31,rectangular,"{""spacing"": 8.0}",31,8.0,8.0,0.0,0.0,1.0,23.323807579381203,16.714123567996896,5.780334497424681,True,True,True,True,True,[],False,False,False,False
N031_rectangular_002,31,rectangular,"{""spacing"": 10.0}",31,10.0,10.0,0.0,0.0,1.0,29.154759474226502,20.892654459996116,7.2254181217808515,True,True,True,True,True,[],False,False,False,False
N031_rectangular_003,31,rectangular,"{""spacing"": 14.0}",31,14.0,14.0,0.0,0.0,1.0,40.8166632639171,29.24971624399457,10.115585370493193,True,True,True,True,True,[],False,False,False,False
N031_rectangular_004,31,rectangular,"{""spacing"": 18.0}",31,18.0,18.0,0.0,0.0,1.0,52.478567053607705,37.60677802799301,13.00575261920553,True,True,True,True,True,[],False,False,False,False
N031_hexagonal_005,31,hexagonal,"{""spacing"": 8.0}",31,7.999999999999999,8.0,8.288983057779323e-16,1.0361228822224153e-16,1.0,21.166010488516726,15.520340794371192,5.6245133708469055,True,True,True,True,True,[],True,True,True,False
N031_hexagonal_006,31,hexagonal,"{""spacing"": 10.0}",31,10.0,10.0,0.0,0.0,1.0,26.457513110645905,19.40042599296398,7.030641713558628,True,True,True,True,True,[],True,True,True,False
N031_hexagonal_007,31,hexagonal,"{""spacing"": 12.0}",31,12.0,12.0,0.0,0.0,1.0,31.74901573277509,23.280511191556784,8.436770056270356,True,True,True,True,True,[],True,True,True,False
N031_hexagonal_008,31,hexagonal,"{""spacing"": 16.0}",31,15.999999999999998,16.0,1.6577966115558645e-15,1.0361228822224153e-16,1.0,42.33202097703345,31.040681588742384,11.249026741693811,True,True,True,True,True,[],True,True,True,False
N031_ring_009,31,ring,"{""points_per_ring"": [31], ""ring_radii"": [51.94]}",31,10.509365288054406,10.509365288054443,1.659637585595143e-14,1.5791986862247369e-15,0.9999999999999984,51.940000000000005,51.94000000000001,1.5153707955389634e-14,True,True,True,True,True,[],True,False,False,False
N031_staggered_ring_010,31,staggered_ring,"{""delta_theta"": 0.14959965017094254, ""points_per_ring"": [10, 21], ""ring_radii"": [28.0, 51.94]}",31,15.482510610380967,16.07039482799908,0.8519251680642481,0.053012086957562383,0.9496567156121364,51.940000000000005,44.21741935483872,11.191082558186297,True,True,True,True,True,[],True,False,False,False
N031_nonuniform_ring_011,31,nonuniform_ring,"{""points_per_ring"": [6, 10, 15], ""ring_offsets"": [0.0, 0.3141592653589793, 0.20943951023931953], ""ring_radii"": [20.0, 36.0, 51.94]}",31,16.244644368827725,17.282377417648096,1.6428684789596673,0.0950603287532671,0.913191697062486,51.940000000000005,40.61612903225808,12.295666605502657,True,True,True,True,True,[],True,False,False,False
N031_deterministic_irregular_012,31,deterministic_irregular,"{""inner_radius"": 0.0, ""outer_radius"": 51.94}",31,14.42248931486137,15.724877135329907,0.5013222764489385,0.03188083901289069,0.9691041467119516,51.51942627660917,34.64386360447114,12.193625980601475,True,True,True,True,True,[],False,False,False,False
N032_rectangular_001,32,rectangular,"{""spacing"": 8.0}",32,8.0,8.0,0.0,0.0,1.0,23.323807579381203,16.920676193352655,5.804370522262402,True,True,True,True,True,[],True,True,True,False
N032_rectangular_002,32,rectangular,"{""spacing"": 10.0}",32,10.0,10.0,0.0,0.0,1.0,29.154759474226502,21.150845241690817,7.2554631528280025,True,True,True,True,True,[],True,True,True,False
N032_rectangular_003,32,rectangular,"{""spacing"": 14.0}",32,14.0,14.0,0.0,0.0,1.0,40.8166632639171,29.611183338367145,10.157648413959205,True,True,True,True,True,[],True,True,True,False
N032_rectangular_004,32,rectangular,"{""spacing"": 18.0}",32,18.0,18.0,0.0,0.0,1.0,52.478567053607705,38.07152143504347,13.059833675090404,True,True,True,True,True,[],True,True,True,True
N032_hexagonal_005,32,hexagonal,"{""spacing"": 8.0}",32,7.999999999999999,8.0,8.15843973306311e-16,1.0198049666328888e-16,1.0,24.0,15.785330144547085,5.729166800473959,True,True,True,True,True,[],False,False,False,False
N032_hexagonal_006,32,hexagonal,"{""spacing"": 10.0}",32,10.0,10.0,0.0,0.0,1.0,29.999999999999996,19.73166268068386,7.161458500592448,True,True,True,True,True,[],False,False,False,False
N032_hexagonal_007,32,hexagonal,"{""spacing"": 12.0}",32,12.0,12.0,0.0,0.0,1.0,36.0,23.677995216820634,8.59375020071094,True,True,True,True,True,[],False,False,False,False
N032_hexagonal_008,32,hexagonal,"{""spacing"": 16.0}",32,15.999999999999998,16.0,1.631687946612622e-15,1.0198049666328888e-16,1.0,48.0,31.57066028909417,11.458333600947919,True,True,True,True,True,[],False,False,False,False
N032_ring_009,32,ring,"{""points_per_ring"": [32], ""ring_radii"": [51.94]}",32,10.182020537434719,10.182020537434749,1.541251894028608e-14,1.5136994551937036e-15,0.9999999999999984,51.940000000000005,51.94,4.165926057296536e-15,True,True,True,True,True,[],True,True,True,False
N032_staggered_ring_010,32,staggered_ring,"{""delta_theta"": 0.14959965017094254, ""points_per_ring"": [11, 21], ""ring_radii"": [28.0, 51.94]}",32,15.482510610380967,15.583749307260046,0.1398813616348928,0.00897610445836201,0.9911037492179454,51.940000000000005,43.710625,11.370515582390054,True,True,True,True,True,[],True,False,False,False
N032_nonuniform_ring_011,32,nonuniform_ring,"{""points_per_ring"": [6, 10, 16], ""ring_offsets"": [0.0, 0.3141592653589793, 0.19634954084936207], ""ring_radii"": [20.0, 36.0, 51.94]}",32,16.030182711101364,17.218571393598634,1.2568884571250583,0.07299609406575583,0.9319698417641373,51.940000000000005,40.97,12.261357999830198,True,True,True,True,True,[],True,True,True,False
N032_sector_012,32,sector,"{""angular_offset"": 0.09817477042468103, ""inner_radius"": 24.0, ""num_sectors"": 8, ""outer_radius"": 51.94, ""points_per_sector"": 4, ""radial_levels"": 3, ""sector_angle"": 0.39269908169872414}",32,9.364335456774144,11.667167728387074,2.3028322716129237,0.1973771462983226,0.835158749347679,51.940000000000005,34.477500000000006,11.583312080316235,True,True,True,True,True,[],False,False,True,False
N032_radial_spoke_013,32,radial_spoke,"{""angular_offset"": 0.19634954084936207, ""inner_radius"": 16.0, ""num_spokes"": 8, ""outer_radius"": 51.94, ""points_per_spoke"": 4}",32,11.979999999999995,11.98,3.741962194848174e-15,3.12350767516542e-16,0.9999999999999998,51.940000000000005,33.97,13.39404718522374,True,True,True,True,True,[],False,False,True,False
N032_sector_014,32,sector,"{""angular_offset"": 0.04908738521234052, ""inner_radius"": 42.84964839698898, ""num_sectors"": 16, ""outer_radius"": 51.94, ""points_per_sector"": 2, ""radial_levels"": 2, ""sector_angle"": 0.19634954084936207}",32,9.090351603011012,9.090351603011015,2.737549743767154e-15,3.0114893937220094e-16,0.9999999999999998,51.940000000000005,47.39482419849449,4.545175801505509,True,True,True,True,True,[],False,False,True,False
N032_radial_spoke_015,32,radial_spoke,"{""angular_offset"": 0.09817477042468103, ""inner_radius"": 21.528489761028656, ""num_spokes"": 16, ""outer_radius"": 51.94, ""points_per_spoke"": 2}",32,8.39999999999999,14.332991325517696,5.932991325517699,0.41393950437651605,0.7072438367445961,51.940000000000005,36.734244880514325,15.205755119485671,True,True,True,True,True,[],False,False,True,False
N032_deterministic_irregular_016,32,deterministic_irregular,"{""inner_radius"": 0.0, ""outer_radius"": 51.94}",32,14.195349303508705,15.477589354540127,0.4856601736906606,0.03137828266184096,0.9695763589467309,51.53262116126057,34.64308073567106,12.195849996690528,True,True,True,True,True,[],False,False,False,False
N033_rectangular_001,33,rectangular,"{""spacing"": 8.0}",33,8.0,8.0,0.0,0.0,1.0,28.284271247461902,17.26502755862869,6.038565884814566,True,True,True,True,True,[],False,False,False,False
N033_rectangular_002,33,rectangular,"{""spacing"": 10.0}",33,10.0,10.0,0.0,0.0,1.0,35.35533905932738,21.581284448285867,7.548207356018207,True,True,True,True,True,[],False,False,False,False
N033_rectangular_003,33,rectangular,"{""spacing"": 14.0}",33,14.0,14.0,0.0,0.0,1.0,49.49747468305833,30.21379822760021,10.56749029842549,True,True,True,True,True,[],False,False,False,False
N033_hexagonal_005,33,hexagonal,"{""spacing"": 8.0}",33,7.999999999999999,8.0,8.033876086462141e-16,1.0042345108077676e-16,1.0,24.0,16.034259534106265,5.814775326873188,True,True,True,True,True,[],False,True,False,False
N033_hexagonal_006,33,hexagonal,"{""spacing"": 10.0}",33,10.0,10.0,0.0,0.0,1.0,29.999999999999996,20.042824417632836,7.2684691585914845,True,True,True,True,True,[],False,True,False,False
N033_hexagonal_007,33,hexagonal,"{""spacing"": 12.0}",33,12.0,12.0,0.0,0.0,1.0,36.0,24.051389301159404,8.722162990309782,True,True,True,True,True,[],False,True,False,False
N033_hexagonal_008,33,hexagonal,"{""spacing"": 16.0}",33,15.999999999999998,16.0,1.6067752172924281e-15,1.0042345108077676e-16,1.0,48.0,32.06851906821253,11.629550653746376,True,True,True,True,True,[],False,True,False,False
N033_ring_009,33,ring,"{""points_per_ring"": [33], ""ring_radii"": [51.94]}",33,9.874421778438458,9.874421778438485,1.476848292329486e-14,1.49563014976157e-15,0.9999999999999984,51.940000000000005,51.94,4.947584555898682e-15,True,True,True,True,True,[],True,False,False,False
N033_staggered_ring_010,33,staggered_ring,"{""delta_theta"": 0.14279966607226333, ""points_per_ring"": [11, 22], ""ring_radii"": [28.0, 51.94]}",33,14.783665399828804,15.114784660925917,0.46827334980643487,0.030981145964784716,0.9699498423554654,51.940000000000005,43.96,11.285424227737298,True,True,True,True,True,[],True,False,False,False
N033_nonuniform_ring_011,33,nonuniform_ring,"{""points_per_ring"": [6, 11, 16], ""ring_offsets"": [0.0, 0.28559933214452665, 0.19634954084936207], ""ring_radii"": [20.0, 36.0, 51.94]}",33,15.95867646424601,16.882526208182796,1.0639125393112274,0.06301856287334294,0.9407173448570799,51.940000000000005,40.81939393939394,12.10417056585192,True,True,True,True,True,[],True,False,False,False
N033_sector_012,33,sector,"{""angular_offset"": 0.07139983303613166, ""inner_radius"": 29.512031569995536, ""num_sectors"": 11, ""outer_radius"": 51.94, ""points_per_sector"": 3, ""radial_levels"": 3, ""sector_angle"": 0.28559933214452665}",33,11.213984215002224,11.213984215002231,4.470400011810908e-15,3.9864511364572296e-16,0.9999999999999996,51.94,40.72601578499777,9.156179770126812,True,True,True,True,True,[],False,False,False,False
N033_radial_spoke_013,33,radial_spoke,"{""angular_offset"": 0.14279966607226333, ""inner_radius"": 16.0, ""num_spokes"": 11, ""outer_radius"": 51.94, ""points_per_spoke"": 3}",33,9.015441818925744,14.985147272975247,4.22121920824472,0.28169354170161665,0.7802177099779785,51.940000000000005,33.97,14.672443559271235,True,True,True,True,True,[],False,True,False,False
N033_deterministic_irregular_014,33,deterministic_irregular,"{""inner_radius"": 0.0, ""outer_radius"": 51.94}",33,13.97861368593055,15.236582288758703,0.4708844418653042,0.030904859957519144,0.9700216177477399,51.54501327906894,34.64235572745707,12.19790923282847,True,True,True,True,True,[],False,False,False,False
N034_rectangular_001,34,rectangular,"{""spacing"": 8.0}",34,8.0,8.0,0.0,0.0,1.0,28.284271247461902,17.589122961241433,6.233622347558153,True,True,True,True,True,[],False,True,False,False
N034_rectangular_002,34,rectangular,"{""spacing"": 10.0}",34,10.0,10.0,0.0,0.0,1.0,35.35533905932738,21.986403701551794,7.792027934447693,True,True,True,True,True,[],False,True,False,False
N034_rectangular_003,34,rectangular,"{""spacing"": 14.0}",34,14.0,14.0,0.0,0.0,1.0,49.49747468305833,30.78096518217251,10.90883910822677,True,True,True,True,True,[],False,True,False,False
N034_hexagonal_005,34,hexagonal,"{""spacing"": 8.0}",34,7.999999999999999,8.0,8.060087823596174e-16,1.0075109779495218e-16,1.0,24.0,16.268546018397256,5.884600929064733,True,True,True,True,True,[],False,False,False,False
N034_hexagonal_006,34,hexagonal,"{""spacing"": 10.0}",34,10.0,10.0,0.0,0.0,1.0,30.0,20.335682522996574,7.3557511613309154,True,True,True,True,True,[],False,False,False,False
N034_hexagonal_007,34,hexagonal,"{""spacing"": 12.0}",34,12.0,12.0,0.0,0.0,1.0,36.0,24.40281902759589,8.8269013935971,True,True,True,True,True,[],False,False,False,False
N034_hexagonal_008,34,hexagonal,"{""spacing"": 16.0}",34,15.999999999999998,16.0,1.6120175647192349e-15,1.0075109779495218e-16,1.0,48.0,32.53709203679451,11.769201858129467,True,True,True,True,True,[],False,False,False,False
N034_ring_009,34,ring,"{""points_per_ring"": [34], ""ring_radii"": [51.94]}",34,9.584837181047755,9.584837181047801,1.8720038895492967e-14,1.9530888779736705e-15,0.999999999999998,51.940000000000005,51.94,5.844059961859033e-15,True,True,True,True,True,[],True,True,True,False
N034_staggered_ring_010,34,staggered_ring,"{""delta_theta"": 0.13659098493868665, ""points_per_ring"": [11, 23], ""ring_radii"": [28.0, 51.94]}",34,14.144991508118043,14.673001755912836,0.7635015568749074,0.05203444868172501,0.9505392159477972,51.940000000000005,44.19470588235294,11.199676790319105,True,True,True,True,True,[],True,False,False,False
N034_nonuniform_ring_011,34,nonuniform_ring,"{""points_per_ring"": [6, 11, 17], ""ring_offsets"": [0.0, 0.28559933214452665, 0.18479956785822313], ""ring_radii"": [20.0, 36.0, 51.94]}",34,15.939999999999998,16.962908046879008,0.9724203543997658,0.057326276350279495,0.945781848392002,51.940000000000005,41.146470588235296,12.071955561244597,True,True,True,True,True,[],True,False,False,False
N034_deterministic_irregular_012,34,deterministic_irregular,"{""inner_radius"": 0.0, ""outer_radius"": 51.94}",34,13.77151166374223,14.999567420251045,0.45559175725092715,0.030373659752069168,0.9705217039812744,51.556673727873026,34.64168275316416,12.19982032773961,True,True,True,True,True,[],False,False,False,False
N035_rectangular_001,35,rectangular,"{""spacing"": 8.0}",35,8.0,8.0,0.0,0.0,1.0,28.284271247461902,17.89469862656202,6.397078880815567,True,True,True,True,True,[],False,False,False,False
N035_rectangular_002,35,rectangular,"{""spacing"": 10.0}",35,10.0,10.0,0.0,0.0,1.0,35.35533905932738,22.368373283202526,7.996348601019459,True,True,True,True,True,[],False,False,False,False
N035_rectangular_003,35,rectangular,"{""spacing"": 14.0}",35,14.0,14.0,0.0,0.0,1.0,49.49747468305833,31.31572259648353,11.194888041427243,True,True,True,True,True,[],False,False,False,False
N035_hexagonal_005,35,hexagonal,"{""spacing"": 8.0}",35,7.999999999999999,8.0,7.944109290391273e-16,9.930136612989092e-17,1.0,24.0,16.489444703585907,5.941229954090535,True,True,True,True,True,[],False,False,False,False
N035_hexagonal_006,35,hexagonal,"{""spacing"": 10.0}",35,10.0,10.0,0.0,0.0,1.0,30.0,20.611805879482386,7.426537442613168,True,True,True,True,True,[],False,False,False,False
N035_hexagonal_007,35,hexagonal,"{""spacing"": 12.0}",35,12.0,12.0,0.0,0.0,1.0,36.0,24.734167055378865,8.911844931135803,True,True,True,True,True,[],False,False,False,False
N035_hexagonal_008,35,hexagonal,"{""spacing"": 16.0}",35,15.999999999999998,16.0,1.5888218580782547e-15,9.930136612989092e-17,1.0,48.0,32.97888940717181,11.88245990818107,True,True,True,True,True,[],False,False,False,False
N035_ring_009,35,ring,"{""points_per_ring"": [35], ""ring_radii"": [51.94]}",35,9.311731408888647,9.311731408888665,6.660069200573458e-15,7.152342467928123e-16,0.9999999999999993,51.940000000000005,51.940000000000005,8.660796882794046e-15,True,True,True,True,True,[],True,False,False,False
N035_staggered_ring_010,35,staggered_ring,"{""delta_theta"": 0.13659098493868665, ""points_per_ring"": [12, 23], ""ring_radii"": [28.0, 51.94]}",35,14.144991508118043,14.264605799874563,0.16559848837507574,0.011609047645503946,0.9885241757450433,51.940000000000005,43.732000000000006,11.363461444471927,True,True,True,True,True,[],True,False,False,False
N035_nonuniform_ring_011,35,nonuniform_ring,"{""points_per_ring"": [6, 11, 18], ""ring_offsets"": [0.0, 0.28559933214452665, 0.17453292519943295], ""ring_radii"": [20.0, 36.0, 51.94]}",35,15.954758607404969,16.779942110011266,0.7568600710342569,0.045105046612925935,0.9568416143821078,51.940000000000005,41.45485714285714,12.033362520551783,True,True,True,True,True,[],True,False,False,False
N035_sector_012,35,sector,"{""angular_offset"": 0.1121997376282069, ""inner_radius"": 24.0, ""num_sectors"": 7, ""outer_radius"": 51.94, ""points_per_sector"": 5, ""radial_levels"": 3, ""sector_angle"": 0.4487989505128276}",35,10.681004829903088,13.289998571115792,2.425800731059043,0.18252829133715845,0.8456457298533109,51.940000000000005,35.176,10.45419073864639,True,True,True,True,True,[],False,False,False,False
N035_deterministic_irregular_013,35,deterministic_irregular,"{""inner_radius"": 0.0, ""outer_radius"": 51.94}",35,13.57335008563893,14.766822652258337,0.4374028086709323,0.0296206448043201,0.9712314968102164,51.56766545035755,34.64105672036257,12.201597817360758,True,True,True,True,True,[],False,False,False,False
N036_rectangular_001,36,rectangular,"{""spacing"": 8.0}",36,8.0,8.0,0.0,0.0,1.0,28.284271247461902,18.18329786603146,6.534601139205751,True,True,True,True,True,[],True,True,True,False
N036_rectangular_002,36,rectangular,"{""spacing"": 10.0}",36,10.0,10.0,0.0,0.0,1.0,35.35533905932738,22.72912233253933,8.168251424007188,True,True,True,True,True,[],True,True,True,False
N036_rectangular_003,36,rectangular,"{""spacing"": 14.0}",36,14.0,14.0,0.0,0.0,1.0,49.49747468305833,31.820771265555052,11.435551993610062,True,True,True,True,True,[],True,True,True,False
N036_hexagonal_005,36,hexagonal,"{""spacing"": 8.0}",36,7.999999999999999,8.0,7.832997394602942e-16,9.791246743253677e-17,1.0,24.0,16.69807123959741,5.986742314814998,True,True,True,True,True,[],True,False,False,False
N036_hexagonal_006,36,hexagonal,"{""spacing"": 10.0}",36,10.0,10.0,0.0,0.0,1.0,30.0,20.872589049496767,7.483427893518747,True,True,True,True,True,[],True,False,False,False
N036_hexagonal_007,36,hexagonal,"{""spacing"": 12.0}",36,12.0,12.0,0.0,0.0,1.0,36.0,25.04710685939612,8.980113472222497,True,True,True,True,True,[],True,False,False,False
N036_hexagonal_008,36,hexagonal,"{""spacing"": 16.0}",36,15.999999999999998,16.0,1.5665994789205884e-15,9.791246743253677e-17,1.0,48.0,33.39614247919482,11.973484629629995,True,True,True,True,True,[],True,False,False,False
N036_ring_009,36,ring,"{""points_per_ring"": [36], ""ring_radii"": [51.94]}",36,9.053738556626676,9.05373855662672,1.3705347374448122e-14,1.5137776829679647e-15,0.9999999999999984,51.940000000000005,51.940000000000005,7.674738709330906e-15,True,True,True,True,True,[],True,True,True,False
N036_staggered_ring_010,36,staggered_ring,"{""delta_theta"": 0.1308996938995747, ""points_per_ring"": [12, 24], ""ring_radii"": [28.0, 51.94]}",36,13.55906084781894,13.870662740459686,0.44067162263365406,0.031770048113724796,0.9692082085811595,51.940000000000005,43.96000000000001,11.285424227737298,True,True,True,True,True,[],True,True,True,False
N036_nonuniform_ring_011,36,nonuniform_ring,"{""points_per_ring"": [6, 12, 18], ""ring_offsets"": [0.0, 0.2617993877991494, 0.17453292519943295], ""ring_radii"": [20.0, 36.0, 51.94]}",36,16.380299491775506,16.837655420638416,0.6675727713399906,0.03964760856916734,0.9618643776579903,51.940000000000005,41.303333333333335,11.898870628014334,True,True,True,True,True,[],True,True,True,True
N036_sector_012,36,sector,"{""angular_offset"": 0.1308996938995747, ""inner_radius"": 24.0, ""num_sectors"": 6, ""outer_radius"": 51.94, ""points_per_sector"": 6, ""radial_levels"": 3, ""sector_angle"": 0.5235987755982988}",36,12.423314164920981,13.454438054973659,0.7291146948996966,0.05419138963073728,0.9485943537731611,51.940000000000005,37.97,11.406457235560332,True,True,True,True,True,[],False,False,True,False
N036_sector_013,36,sector,"{""angular_offset"": 0.08726646259971647, ""inner_radius"": 24.186836029203263, ""num_sectors"": 9, ""outer_radius"": 51.94, ""points_per_sector"": 4, ""radial_levels"": 3, ""sector_angle"": 0.3490658503988659}",36,8.39999999999999,11.13829099269918,2.7382909926991865,0.24584480639750347,0.8026681933936936,51.940000000000005,34.59427251825204,11.505853954542843,True,True,True,True,True,[],False,False,False,False
N036_radial_spoke_014,36,radial_spoke,"{""angular_offset"": 0.17453292519943295, ""inner_radius"": 16.0, ""num_spokes"": 9, ""outer_radius"": 51.94, ""points_per_spoke"": 4}",36,10.944644586421395,11.72116114660535,0.4483220450524064,0.038248944745738624,0.9631601409861239,51.940000000000005,33.97,13.39404718522374,True,True,True,True,True,[],False,True,False,False
N036_sector_015,36,sector,"{""angular_offset"": 0.06544984694978735, ""inner_radius"": 32.17744981726964, ""num_sectors"": 12, ""outer_radius"": 51.94, ""points_per_sector"": 3, ""radial_levels"": 3, ""sector_angle"": 0.2617993877991494}",36,9.881275091365172,9.881275091365179,2.808666774861361e-15,2.8424133008054133e-16,0.9999999999999998,51.94,42.058724908634815,8.068027327305971,True,True,True,True,True,[],False,False,True,False
N036_radial_spoke_016,36,radial_spoke,"{""angular_offset"": 0.1308996938995747, ""inner_radius"": 16.227553881656352, ""num_spokes"": 12, ""outer_radius"": 51.94, ""points_per_spoke"": 3}",36,8.399999999999991,14.633094753932248,4.408322595038838,0.30125702519996467,0.7684876858561663,51.940000000000005,34.08377694082817,14.579545076096615,True,True,True,True,True,[],False,False,True,False
N036_deterministic_irregular_017,36,deterministic_irregular,"{""inner_radius"": 0.0, ""outer_radius"": 51.94}",36,13.383503671763648,14.538584997981133,0.413283764606596,0.028426684210601356,0.9723590561709111,51.57804437075053,34.64047316075716,12.203254451123376,True,True,True,True,True,[],False,False,False,False
N037_rectangular_001,37,rectangular,"{""spacing"": 8.0}",37,8.0,8.0,0.0,0.0,1.0,25.298221281347036,18.19617899455622,6.520789186877062,True,True,True,True,True,[],True,True,True,False
N037_rectangular_002,37,rectangular,"{""spacing"": 10.0}",37,10.0,10.0,0.0,0.0,1.0,31.622776601683793,22.745223743195265,8.150986483596327,True,True,True,True,True,[],True,True,True,False
N037_rectangular_003,37,rectangular,"{""spacing"": 14.0}",37,14.0,14.0,0.0,0.0,1.0,44.27188724235731,31.843313240473375,11.411381077034857,True,True,True,True,True,[],True,True,True,False
N037_hexagonal_005,37,hexagonal,"{""spacing"": 8.0}",37,7.999999999999999,8.0,7.863182467507831e-16,9.828978084384789e-17,1.0,24.0,16.895420665554237,6.022830751705755,True,True,True,True,True,[],True,True,True,False
N037_hexagonal_006,37,hexagonal,"{""spacing"": 10.0}",37,10.0,10.0,0.0,0.0,1.0,30.0,21.119275831942797,7.528538439632193,True,True,True,True,True,[],True,True,True,False
N037_hexagonal_007,37,hexagonal,"{""spacing"": 12.0}",37,12.0,12.0,0.0,0.0,1.0,36.0,25.343130998331358,9.034246127558633,True,True,True,True,True,[],True,True,True,False
N037_hexagonal_008,37,hexagonal,"{""spacing"": 16.0}",37,15.999999999999998,16.0,1.5726364935015663e-15,9.828978084384789e-17,1.0,48.0,33.790841331108474,12.04566150341151,True,True,True,True,True,[],True,True,True,True
N037_ring_009,37,ring,"{""points_per_ring"": [37], ""ring_radii"": [51.94]}",37,8.809639434515866,8.809639434515885,1.466566942830291e-14,1.6647298152570564e-15,0.9999999999999984,51.940000000000005,51.940000000000005,9.773235453357315e-15,True,True,True,True,True,[],True,False,False,False
N037_staggered_ring_010,37,staggered_ring,"{""delta_theta"": 0.12566370614359174, ""points_per_ring"": [12, 25], ""ring_radii"": [28.0, 51.94]}",37,13.019616302659895,13.49775151014572,0.6901287268774222,0.051129162242961726,0.9513578691567655,51.940000000000005,44.175675675675684,11.206836846810516,True,True,True,True,True,[],True,False,False,False
N037_nonuniform_ring_011,37,nonuniform_ring,"{""points_per_ring"": [7, 12, 18], ""ring_offsets"": [0.0, 0.2617993877991494, 0.17453292519943295], ""ring_radii"": [20.0, 36.0, 51.94]}",37,16.031437399831184,16.647914116673782,0.6498345145846021,0.039033990086106814,0.9624324223667872,51.940000000000005,40.727567567567576,12.234818150032043,True,True,True,True,True,[],True,False,False,True
N037_deterministic_irregular_012,37,deterministic_irregular,"{""inner_radius"": 0.0, ""outer_radius"": 51.94}",37,13.201406701412854,14.315045271731453,0.3793270236750818,0.02649848578712884,0.9741855578415105,51.587860346549895,34.63992813909291,12.204801453464107,True,True,True,True,True,[],False,False,False,False
N038_rectangular_001,38,rectangular,"{""spacing"": 8.0}",38,8.0,8.0,0.0,0.0,1.0,28.844410203711913,18.47639560532348,6.6563515503539445,True,True,True,True,True,[],False,False,False,False
N038_rectangular_002,38,rectangular,"{""spacing"": 10.0}",38,10.0,10.0,0.0,0.0,1.0,36.05551275463989,23.095494506654333,8.32043943794243,True,True,True,True,True,[],False,False,False,False
N038_rectangular_003,38,rectangular,"{""spacing"": 14.0}",38,14.0,14.0,0.0,0.0,1.0,50.47771785649585,32.33369230931607,11.6486152131194,True,True,True,True,True,[],False,False,False,False
N038_hexagonal_005,38,hexagonal,"{""spacing"": 8.0}",38,7.999999999999999,8.0,7.8916723523882e-16,9.86459044048525e-17,1.0,27.712812921102035,17.180088882805492,6.190172064606066,True,True,True,True,True,[],False,False,False,False
N038_hexagonal_006,38,hexagonal,"{""spacing"": 10.0}",38,10.0,10.0,0.0,0.0,1.0,34.64101615137755,21.475111103506872,7.737715080757582,True,True,True,True,True,[],False,False,False,False
N038_hexagonal_007,38,hexagonal,"{""spacing"": 12.0}",38,12.0,12.0,0.0,0.0,1.0,41.569219381653056,25.770133324208246,9.285258096909098,True,True,True,True,True,[],False,False,False,False
N038_ring_009,38,ring,"{""points_per_ring"": [38], ""ring_radii"": [51.94]}",38,8.578342407665815,8.57834240766587,1.8489656701133733e-14,2.155388048466194e-15,0.9999999999999978,51.940000000000005,51.940000000000005,9.915491928671267e-15,True,True,True,True,True,[],True,True,True,False
N038_staggered_ring_010,38,staggered_ring,"{""delta_theta"": 0.12566370614359174, ""points_per_ring"": [13, 25], ""ring_radii"": [28.0, 51.94]}",38,13.019616302659895,13.150321346522096,0.1812552836949531,0.013783334940548066,0.9864040624209349,51.940000000000005,43.75000000000001,11.357486517711566,True,True,True,True,True,[],True,False,False,False
N038_nonuniform_ring_011,38,nonuniform_ring,"{""points_per_ring"": [7, 12, 19], ""ring_offsets"": [0.0, 0.2617993877991494, 0.16534698176788384], ""ring_radii"": [20.0, 36.0, 51.94]}",38,15.951131602675705,16.57522599903312,0.4663476028504738,0.028135218360080108,0.9726347100482008,51.940000000000005,41.022631578947376,12.205444144274418,True,True,True,True,True,[],True,False,False,True
N038_deterministic_irregular_012,38,deterministic_irregular,"{""inner_radius"": 0.0, ""outer_radius"": 51.94}",38,13.026545912053667,14.097329030174233,0.33269010971748253,0.023599513709681125,0.9769445829217397,51.59715796946878,34.639418177377,12.20624874123101,True,True,True,True,True,[],False,False,False,False
N039_rectangular_001,39,rectangular,"{""spacing"": 8.0}",39,8.0,8.0,0.0,0.0,1.0,28.844410203711913,18.742242133487284,6.771747554209287,True,True,True,True,True,[],False,False,False,False
N039_rectangular_002,39,rectangular,"{""spacing"": 10.0}",39,10.0,10.0,0.0,0.0,1.0,36.05551275463989,23.42780266685909,8.464684442761607,True,True,True,True,True,[],False,False,False,False
N039_rectangular_003,39,rectangular,"{""spacing"": 14.0}",39,14.0,14.0,0.0,0.0,1.0,50.47771785649585,32.798923733602734,11.85055821986625,True,True,True,True,True,[],False,False,False,False
N039_hexagonal_005,39,hexagonal,"{""spacing"": 8.0}",39,7.999999999999998,8.0,9.217063053461964e-16,1.1521328816827454e-16,0.9999999999999998,27.712812921102035,17.4501587299413,6.3330359951004445,True,True,True,True,True,[],False,False,False,False
N039_hexagonal_006,39,hexagonal,"{""spacing"": 10.0}",39,10.0,10.0,0.0,0.0,1.0,34.64101615137755,21.812698412426634,7.916294993875557,True,True,True,True,True,[],False,False,False,False
N039_hexagonal_007,39,hexagonal,"{""spacing"": 12.0}",39,12.0,12.0,0.0,0.0,1.0,41.569219381653056,26.175238094911958,9.49955399265067,True,True,True,True,True,[],False,False,False,False
N039_ring_009,39,ring,"{""points_per_ring"": [39], ""ring_radii"": [51.94]}",39,8.358867158293444,8.358867158293474,1.702871627217286e-14,2.0372038399099765e-15,0.999999999999998,51.940000000000005,51.940000000000005,7.800219594056809e-15,True,True,True,True,True,[],True,False,False,False
N039_staggered_ring_010,39,staggered_ring,"{""delta_theta"": 0.1208304866765305, ""points_per_ring"": [13, 26], ""ring_radii"": [28.0, 51.94]}",39,12.521350344922904,12.814792629983039,0.41499005930573535,0.03238367340683878,0.968632133342468,51.940000000000005,43.96000000000001,11.2854242277373,True,True,True,True,True,[],True,False,False,False
N039_nonuniform_ring_011,39,nonuniform_ring,"{""points_per_ring"": [7, 12, 20], ""ring_offsets"": [0.0, 0.2617993877991494, 0.15707963267948966], ""ring_radii"": [20.0, 36.0, 51.94]}",39,15.939999999999992,16.269792920239432,0.2915958718679286,0.01792253123917679,0.9823930302266138,51.940000000000005,41.30256410256411,12.17090029283777,True,True,True,True,True,[],True,False,False,True
N039_sector_012,39,sector,"{""angular_offset"": 0.06041524333826525, ""inner_radius"": 34.84416520434677, ""num_sectors"": 13, ""outer_radius"": 51.94, ""points_per_sector"": 3, ""radial_levels"": 3, ""sector_angle"": 0.241660973353061}",39,8.547917397826607,8.547917397826613,4.012586864802783e-15,4.69422746857968e-16,0.9999999999999996,51.940000000000005,43.392082602173396,6.979345329378053,True,True,True,True,True,[],False,False,False,False
N039_radial_spoke_013,39,radial_spoke,"{""angular_offset"": 0.1208304866765305, ""inner_radius"": 17.550042169213587, ""num_spokes"": 13, ""outer_radius"": 51.94, ""points_per_spoke"": 3}",39,8.399999999999977,14.075011506162978,4.019461098497823,0.285574267327443,0.7778624894840823,51.940000000000005,34.7450210846068,14.039641493542891,True,True,True,True,True,[],False,True,False,False
N039_deterministic_irregular_014,39,deterministic_irregular,"{""inner_radius"": 0.0, ""outer_radius"": 51.94}",39,12.858454406418712,13.894750652299072,0.29782604094345916,0.02143442861237527,0.9790153650474714,51.60597724275248,34.63894019151956,12.207605105356706,True,True,True,True,True,[],False,False,False,False
N040_rectangular_001,40,rectangular,"{""spacing"": 8.0}",40,8.0,8.0,0.0,0.0,1.0,28.844410203711913,18.994796335242892,6.870059110563983,True,True,True,True,True,[],False,False,False,False
N040_rectangular_002,40,rectangular,"{""spacing"": 10.0}",40,10.0,10.0,0.0,0.0,1.0,36.05551275463989,23.743495419053612,8.587573888204979,True,True,True,True,True,[],False,False,False,False
N040_rectangular_003,40,rectangular,"{""spacing"": 14.0}",40,14.0,14.0,0.0,0.0,1.0,50.47771785649585,33.24089358667506,12.022603443486972,True,True,True,True,True,[],False,False,False,True
N040_hexagonal_005,40,hexagonal,"{""spacing"": 8.0}",40,7.999999999999998,8.0,9.20882985570147e-16,1.1511037319626837e-16,0.9999999999999998,27.712812921102035,17.706725084720322,6.4553765788012765,True,True,True,True,True,[],False,True,False,False
N040_hexagonal_006,40,hexagonal,"{""spacing"": 10.0}",40,10.0,10.0,0.0,0.0,1.0,34.64101615137755,22.133406355900405,8.069220723501594,True,True,True,True,True,[],False,True,False,False
N040_hexagonal_007,40,hexagonal,"{""spacing"": 12.0}",40,12.0,12.0,0.0,0.0,1.0,41.569219381653056,26.560087627080485,9.683064868201916,True,True,True,True,True,[],False,True,False,False
N040_ring_009,40,ring,"{""points_per_ring"": [40], ""ring_radii"": [51.94]}",40,8.150330864208511,8.150330864208527,5.2017236613531005e-15,6.382223921971095e-16,0.9999999999999993,51.940000000000005,51.94,4.632171911966515e-15,True,True,True,True,True,[],True,True,True,False
N040_staggered_ring_010,40,staggered_ring,"{""delta_theta"": 0.11635528346628864, ""points_per_ring"": [13, 27], ""ring_radii"": [28.0, 51.94]}",40,12.059731919328872,12.49586413558056,0.6285334194296857,0.050299316046499565,0.9521095412726398,51.940000000000005,44.159499999999994,11.212893906124322,True,True,True,True,True,[],True,False,False,False
N040_nonuniform_ring_011,40,nonuniform_ring,"{""points_per_ring"": [7, 13, 20], ""ring_offsets"": [0.0, 0.241660973353061, 0.15707963267948966], ""ring_radii"": [20.0, 36.0, 51.94]}",40,15.948560857967397,16.30351984492207,0.3226750443220545,0.019791741132670536,0.9805923696629588,51.940000000000005,41.17,12.046281583957764,True,True,True,True,True,[],True,False,False,True
N040_sector_012,40,sector,"{""angular_offset"": 0.09817477042468103, ""inner_radius"": 24.0, ""num_sectors"": 8, ""outer_radius"": 51.94, ""points_per_sector"": 5, ""radial_levels"": 3, ""sector_angle"": 0.39269908169872414}",40,9.364335456774144,12.62584579669191,2.8140155883612876,0.22287739242772836,0.8177434681450289,51.940000000000005,35.176,10.454190738646393,True,True,True,True,True,[],False,False,True,False
N040_sector_013,40,sector,"{""angular_offset"": 0.07853981633974483, ""inner_radius"": 26.84830353029858, ""num_sectors"": 10, ""outer_radius"": 51.94, ""points_per_sector"": 4, ""radial_levels"": 3, ""sector_angle"": 0.3141592653589793}",40,8.39999999999999,10.472924117425354,2.072924117425357,0.19793174228927396,0.8347721031992842,51.940000000000005,36.25768970643661,10.4024678179356,True,True,True,True,True,[],False,False,True,False
N040_radial_spoke_014,40,radial_spoke,"{""angular_offset"": 0.15707963267948966, ""inner_radius"": 16.0, ""num_spokes"": 10, ""outer_radius"": 51.94, ""points_per_spoke"": 4}",40,9.888543819998317,11.45713595499958,0.9056270913917084,0.07904480621935166,0.926745575564836,51.940000000000005,33.96999999999999,13.394047185223739,True,True,True,True,True,[],False,False,True,False
N040_deterministic_irregular_015,40,deterministic_irregular,"{""inner_radius"": 0.0, ""outer_radius"": 51.94}",40,12.6967064027999,13.705559376923441,0.27237521626455174,0.019873338166931005,0.9805139153822275,51.6143541565716,34.63849143810111,12.208878363412243,True,True,True,True,True,[],False,False,False,False
